{"cameraMode":{"drawMode":0,"name":"Shaded","section":"Shading Mode"},"sceneLighting":false,"audioPlay":false,"sceneViewState":{"showFog":false,"showMaterialUpdate":false,"showSkybox":false,"showFlares":false,"showImageEffects":false,"showParticleSystems":false},"in2DMode":false,"pivot":{"x":0.04979562759399414,"y":2.5595998764038088,"z":0.00777435302734375},"rotation":{"x":-0.24343396723270417,"y":-0.739185094833374,"z":0.5271636843681336,"w":-0.3413434326648712},"size":7.1471266746521,"orthographic":false}