{"cameraMode":{"drawMode":0,"name":"Shaded","section":"Shading Mode"},"sceneLighting":false,"audioPlay":false,"sceneViewState":{"showFog":true,"showMaterialUpdate":false,"showSkybox":false,"showFlares":true,"showImageEffects":true,"showParticleSystems":true},"in2DMode":false,"pivot":{"x":0.11361783742904663,"y":2.247001886367798,"z":-0.06290894746780396},"rotation":{"x":-0.0012127180816605688,"y":0.985374927520752,"z":-0.17047236859798432,"w":-0.006203376222401857},"size":9.531057357788086,"orthographic":false}