{"cameraMode":{"drawMode":0,"name":"Shaded","section":"Shading Mode"},"sceneLighting":false,"audioPlay":false,"sceneViewState":{"showFog":true,"showMaterialUpdate":false,"showSkybox":false,"showFlares":true,"showImageEffects":true,"showParticleSystems":true},"in2DMode":false,"pivot":{"x":-0.05332076549530029,"y":0.020017027854919435,"z":0.5082532167434692},"rotation":{"x":-0.13984757661819459,"y":-0.830380916595459,"z":0.23999541997909547,"w":-0.4833831489086151},"size":2.4019253253936769,"orthographic":false}