{"cameraMode":{"drawMode":0,"name":"Shaded","section":"Shading Mode"},"sceneLighting":false,"audioPlay":false,"sceneViewState":{"showFog":false,"showMaterialUpdate":false,"showSkybox":false,"showFlares":false,"showImageEffects":false,"showParticleSystems":false},"in2DMode":false,"pivot":{"x":-0.10445567220449448,"y":1.4717698097229005,"z":-0.30988964438438418},"rotation":{"x":0.012384707108139992,"y":-0.9876735210418701,"z":0.09957661479711533,"w":0.12057626247406006},"size":3.2713825702667238,"orthographic":false}