{"cameraMode":{"drawMode":0,"name":"Shaded","section":"Shading Mode"},"sceneLighting":false,"audioPlay":false,"sceneViewState":{"showFog":true,"showMaterialUpdate":false,"showSkybox":false,"showFlares":true,"showImageEffects":true,"showParticleSystems":true},"in2DMode":false,"pivot":{"x":-0.25191691517829897,"y":1.0307135581970215,"z":-0.5718417763710022},"rotation":{"x":-0.005431137513369322,"y":0.964097797870636,"z":-0.26495957374572756,"w":-0.0190767589956522},"size":10.487860679626465,"orthographic":false}