{"cameraMode":{"drawMode":0,"name":"Shaded","section":"Shading Mode"},"sceneLighting":false,"audioPlay":false,"sceneViewState":{"showFog":true,"showMaterialUpdate":false,"showSkybox":false,"showFlares":true,"showImageEffects":true,"showParticleSystems":true},"in2DMode":false,"pivot":{"x":-1.5149544477462769,"y":0.02780468575656414,"z":-1.5175037384033204},"rotation":{"x":0.09261900931596756,"y":0.8864641785621643,"z":-0.20232801139354707,"w":0.40579551458358767},"size":6.753777980804443,"orthographic":true}