{"cameraMode":{"drawMode":0,"name":"Shaded","section":"Shading Mode"},"sceneLighting":false,"audioPlay":false,"sceneViewState":{"showFog":true,"showMaterialUpdate":false,"showSkybox":false,"showFlares":true,"showImageEffects":true,"showParticleSystems":true},"in2DMode":false,"pivot":{"x":0.25032317638397219,"y":1.3395154476165772,"z":-0.751092255115509},"rotation":{"x":-0.017788859084248544,"y":-0.9628766179084778,"z":0.2618531584739685,"w":-0.06581053137779236},"size":6.312238693237305,"orthographic":false}