{"cameraMode":{"drawMode":0,"name":"Shaded","section":"Shading Mode"},"sceneLighting":false,"audioPlay":false,"sceneViewState":{"showFog":false,"showMaterialUpdate":false,"showSkybox":false,"showFlares":false,"showImageEffects":false,"showParticleSystems":false},"in2DMode":false,"pivot":{"x":-0.015035629272460938,"y":-0.13892364501953126,"z":0.013158798217773438},"rotation":{"x":-0.05335577577352524,"y":-0.9469002485275269,"z":0.22870641946792603,"w":-0.2203940600156784},"size":120.0311279296875,"orthographic":false}