{"cameraMode":{"drawMode":0,"name":"Shaded","section":"Shading Mode"},"sceneLighting":false,"audioPlay":false,"sceneViewState":{"showFog":false,"showMaterialUpdate":false,"showSkybox":false,"showFlares":false,"showImageEffects":false,"showParticleSystems":false},"in2DMode":false,"pivot":{"x":2.144498825073242,"y":1.9039793014526368,"z":0.0},"rotation":{"x":0.28441742062568667,"y":-0.10310592502355576,"z":0.026210347190499307,"w":0.953195333480835},"size":15.723311424255371,"orthographic":false}