{"cameraMode":{"drawMode":0,"name":"Shaded","section":"Shading Mode"},"sceneLighting":false,"audioPlay":false,"sceneViewState":{"showFog":false,"showMaterialUpdate":false,"showSkybox":false,"showFlares":false,"showImageEffects":false,"showParticleSystems":false},"in2DMode":false,"pivot":{"x":0.0,"y":0.0475788451731205,"z":0.17263436317443849},"rotation":{"x":0.03607127070426941,"y":0.8270033001899719,"z":-0.05343024060130119,"w":0.5585503578186035},"size":1.415898084640503,"orthographic":false}