{"cameraMode":{"drawMode":0,"name":"Shaded","section":"Shading Mode"},"sceneLighting":false,"audioPlay":false,"sceneViewState":{"showFog":false,"showMaterialUpdate":false,"showSkybox":false,"showFlares":false,"showImageEffects":false,"showParticleSystems":false},"in2DMode":false,"pivot":{"x":-0.7133679389953613,"y":-0.11254549771547318,"z":0.014387608505785466},"rotation":{"x":-0.14023594558238984,"y":0.6643997430801392,"z":-0.1289941370487213,"w":-0.7227120995521545},"size":3.049467086791992,"orthographic":false}