{"cameraMode":{"drawMode":0,"name":"Shaded","section":"Shading Mode"},"sceneLighting":false,"audioPlay":false,"sceneViewState":{"showFog":false,"showMaterialUpdate":false,"showSkybox":false,"showFlares":false,"showImageEffects":false,"showParticleSystems":false},"in2DMode":false,"pivot":{"x":-1.1920928955078126e-7,"y":1.2817734479904175,"z":-0.05630230903625488},"rotation":{"x":-0.007225983310490847,"y":0.992159903049469,"z":-0.06857683509588242,"w":-0.10454373806715012},"size":1.51198410987854,"orthographic":false}