{"cameraMode":{"drawMode":0,"name":"Shaded","section":"Shading Mode"},"sceneLighting":false,"audioPlay":false,"sceneViewState":{"showFog":false,"showMaterialUpdate":false,"showSkybox":false,"showFlares":false,"showImageEffects":false,"showParticleSystems":false},"in2DMode":false,"pivot":{"x":-3.5762786865234377e-7,"y":0.8729565143585205,"z":-0.04990798234939575},"rotation":{"x":-0.036000318825244907,"y":-0.9493447542190552,"z":0.2890014946460724,"w":-0.11825451254844666},"size":3.2549636363983156,"orthographic":false}