{"cameraMode":{"drawMode":0,"name":"Shaded","section":"Shading Mode"},"sceneLighting":false,"audioPlay":false,"sceneViewState":{"showFog":false,"showMaterialUpdate":false,"showSkybox":false,"showFlares":false,"showImageEffects":false,"showParticleSystems":false},"in2DMode":false,"pivot":{"x":1.358673095703125,"y":15.04818344116211,"z":-2.747051239013672},"rotation":{"x":-0.039824582636356357,"y":-0.9581231474876404,"z":0.1639719158411026,"w":-0.23211291432380677},"size":41.53422164916992,"orthographic":false}