{"cameraMode":{"drawMode":0,"name":"Shaded","section":"Shading Mode"},"sceneLighting":false,"audioPlay":false,"sceneViewState":{"showFog":true,"showMaterialUpdate":false,"showSkybox":false,"showFlares":true,"showImageEffects":true,"showParticleSystems":true},"in2DMode":false,"pivot":{"x":4.782679557800293,"y":-1.7644195556640626,"z":-2.8058815002441408},"rotation":{"x":-0.07686235755681992,"y":0.9200516939163208,"z":-0.22955448925495149,"w":-0.30806297063827517},"size":26.920373916625978,"orthographic":false}