{"cameraMode":{"drawMode":0,"name":"Shaded","section":"Shading Mode"},"sceneLighting":false,"audioPlay":false,"sceneViewState":{"showFog":false,"showMaterialUpdate":false,"showSkybox":false,"showFlares":false,"showImageEffects":false,"showParticleSystems":false},"in2DMode":false,"pivot":{"x":0.0,"y":0.8642077445983887,"z":-0.007413774728775024},"rotation":{"x":-0.04415957257151604,"y":-0.9556987285614014,"z":0.21423080563545228,"w":-0.19714638590812684},"size":2.6561505794525148,"orthographic":false}