{"cameraMode":{"drawMode":0,"name":"Shaded","section":"Shading Mode"},"sceneLighting":false,"audioPlay":false,"sceneViewState":{"showFog":false,"showMaterialUpdate":false,"showSkybox":false,"showFlares":false,"showImageEffects":false,"showParticleSystems":false},"in2DMode":false,"pivot":{"x":40.92831802368164,"y":44.54578399658203,"z":1595.1453857421875},"rotation":{"x":-0.014744821935892105,"y":0.981579601764679,"z":0.08471225947141648,"w":0.17071692645549775},"size":40.93062973022461,"orthographic":false}