{"cameraMode":{"drawMode":0,"name":"Shaded","section":"Shading Mode"},"sceneLighting":false,"audioPlay":false,"sceneViewState":{"showFog":true,"showMaterialUpdate":false,"showSkybox":false,"showFlares":true,"showImageEffects":true,"showParticleSystems":true},"in2DMode":false,"pivot":{"x":0.013898849487304688,"y":0.8086851835250855,"z":0.32087230682373049},"rotation":{"x":0.019062137231230737,"y":-0.9806469678878784,"z":0.1655939370393753,"w":0.10437238961458206},"size":3.5401110649108888,"orthographic":false}