{"cameraMode":{"drawMode":0,"name":"Shaded","section":"Shading Mode"},"sceneLighting":false,"audioPlay":false,"sceneViewState":{"showFog":false,"showMaterialUpdate":false,"showSkybox":false,"showFlares":false,"showImageEffects":false,"showParticleSystems":false},"in2DMode":false,"pivot":{"x":-5.006415843963623,"y":23.755821228027345,"z":22.800941467285158},"rotation":{"x":-0.01360775250941515,"y":0.9267311692237854,"z":-0.3744732737541199,"w":-0.03356284275650978},"size":1.5908524990081788,"orthographic":false}