{"cameraMode":{"drawMode":0,"name":"Shaded","section":"Shading Mode"},"sceneLighting":false,"audioPlay":false,"sceneViewState":{"showFog":false,"showMaterialUpdate":false,"showSkybox":false,"showFlares":false,"showImageEffects":false,"showParticleSystems":false},"in2DMode":false,"pivot":{"x":2.384185791015625e-7,"y":0.23781901597976685,"z":-0.0011058151721954346},"rotation":{"x":0.008402719162404538,"y":-0.9891951680183411,"z":0.14032720029354096,"w":0.047107305377721789},"size":4.397237300872803,"orthographic":false}