{"cameraMode":{"drawMode":0,"name":"Shaded","section":"Shading Mode"},"sceneLighting":false,"audioPlay":false,"sceneViewState":{"showFog":false,"showMaterialUpdate":false,"showSkybox":false,"showFlares":false,"showImageEffects":false,"showParticleSystems":false},"in2DMode":false,"pivot":{"x":-0.2189483642578125,"y":-0.6924734115600586,"z":-1.8766531944274903},"rotation":{"x":-0.19439812004566194,"y":-0.6599056124687195,"z":0.18263599276542664,"w":-0.7024174332618713},"size":29.66544532775879,"orthographic":false}