{"cameraMode":{"drawMode":0,"name":"Shaded","section":"Shading Mode"},"sceneLighting":false,"audioPlay":false,"sceneViewState":{"showFog":false,"showMaterialUpdate":false,"showSkybox":false,"showFlares":false,"showImageEffects":false,"showParticleSystems":false},"in2DMode":false,"pivot":{"x":-0.001778721809387207,"y":0.8561170101165772,"z":-0.09047604352235794},"rotation":{"x":-0.06105514615774155,"y":-0.9289267063140869,"z":0.17769452929496766,"w":-0.31914082169532778},"size":2.3486008644104006,"orthographic":false}