{"cameraMode":{"drawMode":0,"name":"Shaded","section":"Shading Mode"},"sceneLighting":false,"audioPlay":false,"sceneViewState":{"showFog":false,"showMaterialUpdate":false,"showSkybox":false,"showFlares":false,"showImageEffects":false,"showParticleSystems":false},"in2DMode":false,"pivot":{"x":3.725290298461914e-9,"y":-0.07580890506505966,"z":6.705522537231445e-8},"rotation":{"x":0.11632822453975678,"y":0.8701178431510925,"z":-0.2464519888162613,"w":0.41071757674217226},"size":0.3009176254272461,"orthographic":false}