{"cameraMode":{"drawMode":0,"name":"Shaded","section":"Shading Mode"},"sceneLighting":false,"audioPlay":false,"sceneViewState":{"showFog":false,"showMaterialUpdate":false,"showSkybox":false,"showFlares":false,"showImageEffects":false,"showParticleSystems":false},"in2DMode":false,"pivot":{"x":-0.013220667839050293,"y":1.619463324546814,"z":-0.00582277774810791},"rotation":{"x":-0.010853045620024205,"y":0.9875826835632324,"z":-0.14942146837711335,"w":-0.055836595594882968},"size":3.798658609390259,"orthographic":false}