{"cameraMode":{"drawMode":0,"name":"Shaded","section":"Shading Mode"},"sceneLighting":false,"audioPlay":false,"sceneViewState":{"showFog":true,"showMaterialUpdate":false,"showSkybox":false,"showFlares":true,"showImageEffects":true,"showParticleSystems":true},"in2DMode":false,"pivot":{"x":-30.92337417602539,"y":-23.733741760253908,"z":284.7025146484375},"rotation":{"x":-0.0012127180816605688,"y":0.985374927520752,"z":-0.17047236859798432,"w":-0.006203376222401857},"size":121.138916015625,"orthographic":false}