{"cameraMode":{"drawMode":0,"name":"Shaded","section":"Shading Mode"},"sceneLighting":false,"audioPlay":false,"sceneViewState":{"showFog":false,"showMaterialUpdate":false,"showSkybox":false,"showFlares":false,"showImageEffects":false,"showParticleSystems":false},"in2DMode":false,"pivot":{"x":1.1153143644332886,"y":0.39545774459838869,"z":2.384185791015625e-7},"rotation":{"x":-0.18863162398338319,"y":0.6641194224357605,"z":-0.1745612770318985,"w":-0.7026931643486023},"size":2.735199213027954,"orthographic":false}