{"cameraMode":{"drawMode":0,"name":"Shaded","section":"Shading Mode"},"sceneLighting":false,"audioPlay":false,"sceneViewState":{"showFog":true,"showMaterialUpdate":false,"showSkybox":false,"showFlares":true,"showImageEffects":true,"showParticleSystems":true},"in2DMode":false,"pivot":{"x":0.0,"y":0.8892310261726379,"z":-0.06487263739109039},"rotation":{"x":0.012774568982422352,"y":0.9503554701805115,"z":-0.039364904165267947,"w":0.3084070086479187},"size":4.845017910003662,"orthographic":true}