{"cameraMode":{"drawMode":0,"name":"Shaded","section":"Shading Mode"},"sceneLighting":false,"audioPlay":false,"sceneViewState":{"showFog":false,"showMaterialUpdate":false,"showSkybox":false,"showFlares":false,"showImageEffects":false,"showParticleSystems":false},"in2DMode":false,"pivot":{"x":0.0,"y":0.011701468378305436,"z":-0.0052632540464401249},"rotation":{"x":0.04230179637670517,"y":-0.9599015116691589,"z":0.14845378696918488,"w":0.23599055409431458},"size":0.4102669954299927,"orthographic":false}