{"cameraMode":{"drawMode":0,"name":"Shaded","section":"Shading Mode"},"sceneLighting":false,"audioPlay":false,"sceneViewState":{"showFog":false,"showMaterialUpdate":false,"showSkybox":false,"showFlares":false,"showImageEffects":false,"showParticleSystems":false},"in2DMode":false,"pivot":{"x":0.0058989375829696659,"y":0.02556832693517208,"z":0.015335535630583763},"rotation":{"x":-0.0066115520894527439,"y":0.949215292930603,"z":-0.314042329788208,"w":-0.019916070625185968},"size":66.59471130371094,"orthographic":false}