{"cameraMode":{"drawMode":0,"name":"Shaded","section":"Shading Mode"},"sceneLighting":false,"audioPlay":false,"sceneViewState":{"showFog":false,"showMaterialUpdate":false,"showSkybox":false,"showFlares":false,"showImageEffects":false,"showParticleSystems":false},"in2DMode":false,"pivot":{"x":28.741207122802736,"y":7.916409492492676,"z":10.371931076049805},"rotation":{"x":-0.018240945413708688,"y":-0.9410951137542725,"z":0.05143541097640991,"w":-0.33373981714248659},"size":31.306591033935548,"orthographic":false}