{"cameraMode":{"drawMode":0,"name":"Shaded","section":"Shading Mode"},"sceneLighting":false,"audioPlay":false,"sceneViewState":{"showFog":false,"showMaterialUpdate":false,"showSkybox":false,"showFlares":false,"showImageEffects":false,"showParticleSystems":false},"in2DMode":false,"pivot":{"x":-0.3446868360042572,"y":0.39995744824409487,"z":0.017272410914301873},"rotation":{"x":0.06923949718475342,"y":-0.020957717671990396,"z":0.0014432516181841493,"w":0.9974082112312317},"size":1.9744343757629395,"orthographic":false}