{"cameraMode":{"drawMode":0,"name":"Shaded","section":"Shading Mode"},"sceneLighting":false,"audioPlay":false,"sceneViewState":{"showFog":false,"showMaterialUpdate":false,"showSkybox":false,"showFlares":false,"showImageEffects":false,"showParticleSystems":false},"in2DMode":false,"pivot":{"x":0.0,"y":-7.3439483642578129,"z":-0.1249847412109375},"rotation":{"x":-0.027769578620791436,"y":-0.9669542908668518,"z":0.12107770889997482,"w":-0.22343900799751283},"size":37.743045806884769,"orthographic":false}