{"cameraMode":{"drawMode":0,"name":"Shaded","section":"Shading Mode"},"sceneLighting":false,"audioPlay":false,"sceneViewState":{"showFog":true,"showMaterialUpdate":false,"showSkybox":false,"showFlares":true,"showImageEffects":true,"showParticleSystems":true},"in2DMode":false,"pivot":{"x":-0.016834139823913575,"y":-0.5037611126899719,"z":0.007645726203918457},"rotation":{"x":0.09261900931596756,"y":0.8864641785621643,"z":-0.20232801139354707,"w":0.40579551458358767},"size":10.785989761352539,"orthographic":true}