{"cameraMode":{"drawMode":0,"name":"Shaded","section":"Shading Mode"},"sceneLighting":false,"audioPlay":false,"sceneViewState":{"showFog":false,"showMaterialUpdate":false,"showSkybox":false,"showFlares":false,"showImageEffects":false,"showParticleSystems":false},"in2DMode":false,"pivot":{"x":-30.985116958618165,"y":8.96798038482666,"z":1.4691193103790284},"rotation":{"x":0.04465854912996292,"y":-0.9314460754394531,"z":0.12227188050746918,"w":0.3403112590312958},"size":15.947766304016114,"orthographic":false}