{"cameraMode":{"drawMode":0,"name":"Shaded","section":"Shading Mode"},"sceneLighting":false,"audioPlay":false,"sceneViewState":{"showFog":false,"showMaterialUpdate":false,"showSkybox":false,"showFlares":false,"showImageEffects":false,"showParticleSystems":false},"in2DMode":false,"pivot":{"x":-0.005079984664916992,"y":0.012335509061813355,"z":0.14059102535247804},"rotation":{"x":-0.007569123059511185,"y":0.9807867407798767,"z":-0.195481538772583,"w":-0.025865724310278894},"size":2.643589496612549,"orthographic":false}