{"cameraMode":{"drawMode":0,"name":"Shaded","section":"Shading Mode"},"sceneLighting":false,"audioPlay":false,"sceneViewState":{"showFog":false,"showMaterialUpdate":false,"showSkybox":false,"showFlares":false,"showImageEffects":false,"showParticleSystems":false},"in2DMode":false,"pivot":{"x":-2.384185791015625e-7,"y":2.533104181289673,"z":0.0010745488107204438},"rotation":{"x":-0.007569123059511185,"y":0.9807867407798767,"z":-0.195481538772583,"w":-0.025865724310278894},"size":3.4728429317474367,"orthographic":false}