{"cameraMode":{"drawMode":0,"name":"Shaded","section":"Shading Mode"},"sceneLighting":false,"audioPlay":false,"sceneViewState":{"showFog":false,"showMaterialUpdate":false,"showSkybox":false,"showFlares":false,"showImageEffects":false,"showParticleSystems":false},"in2DMode":false,"pivot":{"x":-0.5402297973632813,"y":-1.559112787246704,"z":2.809471845626831},"rotation":{"x":-0.22078710794448853,"y":-0.5698261857032776,"z":0.16269677877426148,"w":-0.7747299075126648},"size":12.611339569091797,"orthographic":false}