{"cameraMode":{"drawMode":0,"name":"Shaded","section":"Shading Mode"},"sceneLighting":false,"audioPlay":false,"sceneViewState":{"showFog":false,"showMaterialUpdate":false,"showSkybox":false,"showFlares":false,"showImageEffects":false,"showParticleSystems":false},"in2DMode":false,"pivot":{"x":0.00018709897994995117,"y":0.8521397113800049,"z":0.06203565001487732},"rotation":{"x":-0.0407569445669651,"y":0.9586667418479919,"z":-0.21639224886894227,"w":-0.18036723136901856},"size":6.098999977111816,"orthographic":false}