{"cameraMode":{"drawMode":0,"name":"Shaded","section":"Shading Mode"},"sceneLighting":false,"audioPlay":false,"sceneViewState":{"showFog":false,"showMaterialUpdate":false,"showSkybox":false,"showFlares":false,"showImageEffects":false,"showParticleSystems":false},"in2DMode":false,"pivot":{"x":-0.05827906355261803,"y":1.594962239265442,"z":-0.11768528819084168},"rotation":{"x":-0.00036611195537261665,"y":-0.9988134503364563,"z":0.05190492793917656,"w":-0.008103081956505776},"size":2.9713826179504396,"orthographic":false}