{"cameraMode":{"drawMode":0,"name":"Shaded","section":"Shading Mode"},"sceneLighting":false,"audioPlay":false,"sceneViewState":{"showFog":false,"showMaterialUpdate":false,"showSkybox":false,"showFlares":false,"showImageEffects":false,"showParticleSystems":false},"in2DMode":false,"pivot":{"x":0.0,"y":0.8812780380249023,"z":-0.049268871545791629},"rotation":{"x":0.07643024623394013,"y":0.8949353098869324,"z":-0.16841156780719758,"w":0.4061315059661865},"size":1.7424335479736329,"orthographic":false}