{"cameraMode":{"drawMode":0,"name":"Shaded","section":"Shading Mode"},"sceneLighting":false,"audioPlay":false,"sceneViewState":{"showFog":false,"showMaterialUpdate":false,"showSkybox":false,"showFlares":false,"showImageEffects":false,"showParticleSystems":false},"in2DMode":false,"pivot":{"x":-0.030071258544921876,"y":-3.353708267211914,"z":0.026317596435546876},"rotation":{"x":-0.039824582636356357,"y":-0.9581231474876404,"z":0.1639719158411026,"w":-0.23211291432380677},"size":27.073617935180665,"orthographic":false}