{"cameraMode":{"drawMode":0,"name":"Shaded","section":"Shading Mode"},"sceneLighting":false,"audioPlay":false,"sceneViewState":{"showFog":false,"showMaterialUpdate":false,"showSkybox":false,"showFlares":false,"showImageEffects":false,"showParticleSystems":false},"in2DMode":false,"pivot":{"x":-3.5762786865234377e-7,"y":0.8355779647827148,"z":-0.06814059615135193},"rotation":{"x":0.04539940506219864,"y":0.9317127466201782,"z":-0.12513573467731477,"w":0.3380107283592224},"size":2.3044285774230959,"orthographic":false}