{"cameraMode":{"drawMode":0,"name":"Shaded","section":"Shading Mode"},"sceneLighting":false,"audioPlay":false,"sceneViewState":{"showFog":true,"showMaterialUpdate":false,"showSkybox":false,"showFlares":true,"showImageEffects":true,"showParticleSystems":true},"in2DMode":false,"pivot":{"x":0.5944529175758362,"y":0.9369356632232666,"z":-0.3397761583328247},"rotation":{"x":0.057432301342487338,"y":-0.44744786620140078,"z":-0.029241396114230157,"w":-0.8921786546707153},"size":5.733006954193115,"orthographic":false}