{"cameraMode":{"drawMode":0,"name":"Shaded","section":"Shading Mode"},"sceneLighting":false,"audioPlay":false,"sceneViewState":{"showFog":true,"showMaterialUpdate":false,"showSkybox":false,"showFlares":true,"showImageEffects":true,"showParticleSystems":true},"in2DMode":false,"pivot":{"x":-0.0035377442836761476,"y":0.4458165764808655,"z":0.15089012682437898},"rotation":{"x":0.012774568982422352,"y":0.9503554701805115,"z":-0.039364904165267947,"w":0.3084070086479187},"size":1.6982365846633912,"orthographic":true}