{"cameraMode":{"drawMode":0,"name":"Shaded","section":"Shading Mode"},"sceneLighting":false,"audioPlay":false,"sceneViewState":{"showFog":true,"showMaterialUpdate":false,"showSkybox":false,"showFlares":true,"showImageEffects":true,"showParticleSystems":true},"in2DMode":false,"pivot":{"x":-10.37451171875,"y":0.4077376425266266,"z":14.971343994140625},"rotation":{"x":-0.13984757661819459,"y":-0.830380916595459,"z":0.23999541997909547,"w":-0.4833831489086151},"size":0.36671143770217898,"orthographic":false}