{"cameraMode":{"drawMode":0,"name":"Shaded","section":"Shading Mode"},"sceneLighting":false,"audioPlay":false,"sceneViewState":{"showFog":false,"showMaterialUpdate":false,"showSkybox":false,"showFlares":false,"showImageEffects":false,"showParticleSystems":false},"in2DMode":false,"pivot":{"x":-1.862645149230957e-8,"y":0.04744116961956024,"z":0.2318871021270752},"rotation":{"x":0.01240847073495388,"y":0.806981086730957,"z":-0.016952145844697954,"w":0.5902585983276367},"size":1.133952260017395,"orthographic":false}