{"cameraMode":{"drawMode":0,"name":"Shaded","section":"Shading Mode"},"sceneLighting":false,"audioPlay":false,"sceneViewState":{"showFog":true,"showMaterialUpdate":false,"showSkybox":false,"showFlares":true,"showImageEffects":true,"showParticleSystems":true},"in2DMode":false,"pivot":{"x":0.09258383512496948,"y":1.3548121452331544,"z":-2.5561022758483888},"rotation":{"x":-0.002849291544407606,"y":-0.9699804186820984,"z":0.24357870221138,"w":-0.013911157846450806},"size":4.985622882843018,"orthographic":false}