{"cameraMode":{"drawMode":0,"name":"Shaded","section":"Shading Mode"},"sceneLighting":false,"audioPlay":false,"sceneViewState":{"showFog":true,"showMaterialUpdate":false,"showSkybox":false,"showFlares":true,"showImageEffects":true,"showParticleSystems":true},"in2DMode":false,"pivot":{"x":-3.5762786865234377e-7,"y":0.878556489944458,"z":-0.06487268209457398},"rotation":{"x":0.005094524938613176,"y":0.9838131666183472,"z":-0.1768881380558014,"w":0.028337400406599046},"size":4.784470558166504,"orthographic":false}