{"cameraMode":{"drawMode":0,"name":"Shaded","section":"Shading Mode"},"sceneLighting":false,"audioPlay":false,"sceneViewState":{"showFog":false,"showMaterialUpdate":false,"showSkybox":false,"showFlares":false,"showImageEffects":false,"showParticleSystems":false},"in2DMode":false,"pivot":{"x":-0.25999999046325686,"y":0.4189684987068176,"z":0.0},"rotation":{"x":0.027036501094698907,"y":0.6446623802185059,"z":-0.022855188697576524,"w":0.7636699080467224},"size":3.0797224044799806,"orthographic":false}