{"cameraMode":{"drawMode":0,"name":"Shaded","section":"Shading Mode"},"sceneLighting":false,"audioPlay":false,"sceneViewState":{"showFog":false,"showMaterialUpdate":false,"showSkybox":false,"showFlares":false,"showImageEffects":false,"showParticleSystems":false},"in2DMode":false,"pivot":{"x":0.2530219554901123,"y":0.9602277278900147,"z":0.23987674713134767},"rotation":{"x":0.11178120970726013,"y":0.849571168422699,"z":-0.19982534646987916,"w":0.4752374291419983},"size":2.6880557537078859,"orthographic":false}