{"cameraMode":{"drawMode":0,"name":"Shaded","section":"Shading Mode"},"sceneLighting":false,"audioPlay":false,"sceneViewState":{"showFog":true,"showMaterialUpdate":false,"showSkybox":false,"showFlares":true,"showImageEffects":true,"showParticleSystems":true},"in2DMode":false,"pivot":{"x":-0.7608051896095276,"y":0.7636162638664246,"z":-0.05192828178405762},"rotation":{"x":0.040462810546159747,"y":-0.9523665904998779,"z":0.26517221331596377,"w":0.14622695744037629},"size":3.7700588703155519,"orthographic":false}