{"cameraMode":{"drawMode":0,"name":"Shaded","section":"Shading Mode"},"sceneLighting":false,"audioPlay":false,"sceneViewState":{"showFog":false,"showMaterialUpdate":false,"showSkybox":false,"showFlares":false,"showImageEffects":false,"showParticleSystems":false},"in2DMode":false,"pivot":{"x":0.0,"y":0.04786510765552521,"z":0.2446940541267395},"rotation":{"x":-0.02235829271376133,"y":0.802166223526001,"z":-0.030107863247394563,"w":-0.5959807634353638},"size":1.3453683853149415,"orthographic":false}