{"cameraMode":{"drawMode":0,"name":"Shaded","section":"Shading Mode"},"sceneLighting":false,"audioPlay":false,"sceneViewState":{"showFog":false,"showMaterialUpdate":false,"showSkybox":false,"showFlares":false,"showImageEffects":false,"showParticleSystems":false},"in2DMode":false,"pivot":{"x":0.0,"y":0.0475788451731205,"z":0.09820130467414856},"rotation":{"x":0.0560232512652874,"y":0.8357994556427002,"z":-0.08682166039943695,"w":0.5392856597900391},"size":1.5230846405029297,"orthographic":false}