{"cameraMode":{"drawMode":0,"name":"Shaded","section":"Shading Mode"},"sceneLighting":false,"audioPlay":false,"sceneViewState":{"showFog":false,"showMaterialUpdate":false,"showSkybox":false,"showFlares":false,"showImageEffects":false,"showParticleSystems":false},"in2DMode":false,"pivot":{"x":0.0,"y":0.748420238494873,"z":0.2745157778263092},"rotation":{"x":0.0069888196885585789,"y":0.9897664189338684,"z":-0.13293346762657166,"w":0.052027709782123569},"size":3.8065998554229738,"orthographic":false}