{"cameraMode":{"drawMode":0,"name":"Shaded","section":"Shading Mode"},"sceneLighting":false,"audioPlay":false,"sceneViewState":{"showFog":false,"showMaterialUpdate":false,"showSkybox":false,"showFlares":false,"showImageEffects":false,"showParticleSystems":false},"in2DMode":false,"pivot":{"x":0.0,"y":0.513067364692688,"z":0.03829306736588478},"rotation":{"x":0.15888676047325135,"y":0.6089174151420593,"z":-0.12618465721607209,"w":0.7668914198875427},"size":1.4667091369628907,"orthographic":false}