{"cameraMode":{"drawMode":0,"name":"Shaded","section":"Shading Mode"},"sceneLighting":false,"audioPlay":false,"sceneViewState":{"showFog":false,"showMaterialUpdate":false,"showSkybox":false,"showFlares":false,"showImageEffects":false,"showParticleSystems":false},"in2DMode":false,"pivot":{"x":-0.44340991973876955,"y":0.7968311309814453,"z":-0.6242218017578125},"rotation":{"x":-0.04710923880338669,"y":-0.9530954957008362,"z":0.21813592314720155,"w":-0.20531612634658814},"size":22.661651611328126,"orthographic":false}