{"cameraMode":{"drawMode":0,"name":"Shaded","section":"Shading Mode"},"sceneLighting":false,"audioPlay":false,"sceneViewState":{"showFog":true,"showMaterialUpdate":false,"showSkybox":false,"showFlares":true,"showImageEffects":true,"showParticleSystems":true},"in2DMode":false,"pivot":{"x":-1.2566107511520386,"y":11.449371337890625,"z":-1.2305787801742554},"rotation":{"x":-0.19681009650230409,"y":-0.5967022776603699,"z":0.15365634858608247,"w":-0.7628287076950073},"size":12.676711082458496,"orthographic":false}