{"cameraMode":{"drawMode":0,"name":"Shaded","section":"Shading Mode"},"sceneLighting":false,"audioPlay":false,"sceneViewState":{"showFog":false,"showMaterialUpdate":false,"showSkybox":false,"showFlares":false,"showImageEffects":false,"showParticleSystems":false},"in2DMode":false,"pivot":{"x":-0.07289259135723114,"y":0.8475150465965271,"z":-0.44969600439071658},"rotation":{"x":0.010507390834391117,"y":0.9845318794250488,"z":-0.06996816396713257,"w":0.160952627658844},"size":18.030319213867189,"orthographic":false}