{"cameraMode":{"drawMode":0,"name":"Shaded","section":"Shading Mode"},"sceneLighting":false,"audioPlay":false,"sceneViewState":{"showFog":false,"showMaterialUpdate":false,"showSkybox":false,"showFlares":false,"showImageEffects":false,"showParticleSystems":false},"in2DMode":false,"pivot":{"x":0.0,"y":0.035140570253133777,"z":0.0748167634010315},"rotation":{"x":0.016058560460805894,"y":0.9678093791007996,"z":-0.06397862732410431,"w":0.24302107095718385},"size":1.5036920309066773,"orthographic":false}