{"cameraMode":{"drawMode":0,"name":"Shaded","section":"Shading Mode"},"sceneLighting":false,"audioPlay":false,"sceneViewState":{"showFog":false,"showMaterialUpdate":false,"showSkybox":false,"showFlares":false,"showImageEffects":false,"showParticleSystems":false},"in2DMode":false,"pivot":{"x":-1.7881393432617188e-7,"y":1.0,"z":5.364418029785156e-7},"rotation":{"x":-0.26374033093452456,"y":-0.028626948595046998,"z":0.00783831812441349,"w":-0.9641730189323425},"size":5.6059393882751469,"orthographic":false}