{"cameraMode":{"drawMode":0,"name":"Shaded","section":"Shading Mode"},"sceneLighting":false,"audioPlay":false,"sceneViewState":{"showFog":false,"showMaterialUpdate":false,"showSkybox":false,"showFlares":false,"showImageEffects":false,"showParticleSystems":false},"in2DMode":false,"pivot":{"x":17.638904571533204,"y":2.2524852752685549,"z":-6.1508708000183109},"rotation":{"x":-0.030257849022746087,"y":-0.7958841919898987,"z":0.04141836613416672,"w":-0.6035382747650147},"size":14.728310585021973,"orthographic":false}