{"cameraMode":{"drawMode":0,"name":"Shaded","section":"Shading Mode"},"sceneLighting":false,"audioPlay":false,"sceneViewState":{"showFog":true,"showMaterialUpdate":false,"showSkybox":false,"showFlares":true,"showImageEffects":true,"showParticleSystems":true},"in2DMode":false,"pivot":{"x":-4.76837158203125e-7,"y":0.8676928281784058,"z":-0.06515049934387207},"rotation":{"x":0.012774568982422352,"y":0.9503554701805115,"z":-0.039364904165267947,"w":0.3084070086479187},"size":4.806451320648193,"orthographic":true}