{"cameraMode":{"drawMode":0,"name":"Shaded","section":"Shading Mode"},"sceneLighting":false,"audioPlay":false,"sceneViewState":{"showFog":false,"showMaterialUpdate":false,"showSkybox":false,"showFlares":false,"showImageEffects":false,"showParticleSystems":false},"in2DMode":false,"pivot":{"x":1.4304041862487794,"y":5.064955711364746,"z":-0.7888293266296387},"rotation":{"x":-0.07516807317733765,"y":-0.9084333777427673,"z":0.18501733243465424,"w":-0.3677186369895935},"size":10.79499340057373,"orthographic":false}