{"cameraMode":{"drawMode":0,"name":"Shaded","section":"Shading Mode"},"sceneLighting":false,"audioPlay":false,"sceneViewState":{"showFog":false,"showMaterialUpdate":false,"showSkybox":false,"showFlares":false,"showImageEffects":false,"showParticleSystems":false},"in2DMode":false,"pivot":{"x":0.0028672218322753908,"y":2.1700000762939455,"z":9.5367431640625e-7},"rotation":{"x":0.024666793644428254,"y":-0.9645905494689941,"z":0.07598186284303665,"w":0.2529444098472595},"size":8.443071365356446,"orthographic":false}