{"cameraMode":{"drawMode":0,"name":"Shaded","section":"Shading Mode"},"sceneLighting":false,"audioPlay":false,"sceneViewState":{"showFog":true,"showMaterialUpdate":false,"showSkybox":false,"showFlares":true,"showImageEffects":true,"showParticleSystems":true},"in2DMode":false,"pivot":{"x":0.0027492642402648927,"y":0.45102572441101076,"z":0.0014564692974090577},"rotation":{"x":0.040462810546159747,"y":-0.9523665904998779,"z":0.26517221331596377,"w":0.14622695744037629},"size":1.823582649230957,"orthographic":false}