{"cameraMode":{"drawMode":0,"name":"Shaded","section":"Shading Mode"},"sceneLighting":false,"audioPlay":false,"sceneViewState":{"showFog":false,"showMaterialUpdate":false,"showSkybox":false,"showFlares":false,"showImageEffects":false,"showParticleSystems":false},"in2DMode":false,"pivot":{"x":-1.3894436359405518,"y":-1.4611175060272217,"z":-6.087818145751953},"rotation":{"x":-0.0047904918901622299,"y":0.9806345701217651,"z":-0.1949000507593155,"w":-0.022320831194519998},"size":10.96423625946045,"orthographic":false}