{"cameraMode":{"drawMode":0,"name":"Shaded","section":"Shading Mode"},"sceneLighting":false,"audioPlay":false,"sceneViewState":{"showFog":false,"showMaterialUpdate":false,"showSkybox":false,"showFlares":false,"showImageEffects":false,"showParticleSystems":false},"in2DMode":false,"pivot":{"x":-3.5762786865234377e-7,"y":0.8674342632293701,"z":-0.06195491552352905},"rotation":{"x":0.04339834675192833,"y":0.9540411233901978,"z":-0.24260011315345765,"w":0.17066898941993714},"size":1.750330924987793,"orthographic":false}