{"cameraMode":{"drawMode":0,"name":"Shaded","section":"Shading Mode"},"sceneLighting":false,"audioPlay":false,"sceneViewState":{"showFog":true,"showMaterialUpdate":false,"showSkybox":false,"showFlares":true,"showImageEffects":true,"showParticleSystems":true},"in2DMode":false,"pivot":{"x":0.01571822166442871,"y":-0.7038655281066895,"z":-0.08738160133361817},"rotation":{"x":-0.021067611873149873,"y":-0.9668174982070923,"z":0.2412133663892746,"w":-0.08350590616464615},"size":4.532852649688721,"orthographic":false}