{"cameraMode":{"drawMode":0,"name":"Shaded","section":"Shading Mode"},"sceneLighting":false,"audioPlay":false,"sceneViewState":{"showFog":false,"showMaterialUpdate":false,"showSkybox":false,"showFlares":false,"showImageEffects":false,"showParticleSystems":false},"in2DMode":false,"pivot":{"x":0.11062183976173401,"y":0.03659787029027939,"z":0.10638025403022766},"rotation":{"x":-0.19505886733531953,"y":-0.36405789852142336,"z":0.07841991633176804,"w":-0.907404899597168},"size":3.7561752796173097,"orthographic":false}