{"cameraMode":{"drawMode":0,"name":"Shaded","section":"Shading Mode"},"sceneLighting":false,"audioPlay":false,"sceneViewState":{"showFog":true,"showMaterialUpdate":false,"showSkybox":false,"showFlares":true,"showImageEffects":true,"showParticleSystems":true},"in2DMode":false,"pivot":{"x":-0.12094264477491379,"y":2.262820243835449,"z":-1.373871922492981},"rotation":{"x":0.010561023838818074,"y":-0.9900897145271301,"z":0.10371509939432144,"w":0.09611496329307556},"size":6.464692115783691,"orthographic":false}