{"cameraMode":{"drawMode":0,"name":"Shaded","section":"Shading Mode"},"sceneLighting":false,"audioPlay":false,"sceneViewState":{"showFog":false,"showMaterialUpdate":false,"showSkybox":false,"showFlares":false,"showImageEffects":false,"showParticleSystems":false},"in2DMode":false,"pivot":{"x":5.960464477539063e-7,"y":0.48547905683517458,"z":-0.004851818084716797},"rotation":{"x":-0.22052505612373353,"y":0.20424287021160127,"z":-0.044499993324279788,"w":-0.9531815052032471},"size":4.517392158508301,"orthographic":false}