{"cameraMode":{"drawMode":0,"name":"Shaded","section":"Shading Mode"},"sceneLighting":false,"audioPlay":false,"sceneViewState":{"showFog":true,"showMaterialUpdate":false,"showSkybox":false,"showFlares":true,"showImageEffects":true,"showParticleSystems":true},"in2DMode":false,"pivot":{"x":4.193054676055908,"y":10.732353210449219,"z":-6.891282558441162},"rotation":{"x":-0.000334757351083681,"y":-0.9670799374580383,"z":0.25521817803382876,"w":-0.0037224299740046264},"size":61.905765533447269,"orthographic":false}