{"cameraMode":{"drawMode":0,"name":"Shaded","section":"Shading Mode"},"sceneLighting":false,"audioPlay":false,"sceneViewState":{"showFog":false,"showMaterialUpdate":false,"showSkybox":false,"showFlares":false,"showImageEffects":false,"showParticleSystems":false},"in2DMode":false,"pivot":{"x":-34.58143615722656,"y":-26.5808162689209,"z":-48.86091995239258},"rotation":{"x":-0.004449738189578056,"y":-0.9788183569908142,"z":0.2037307322025299,"w":-0.021419860422611238},"size":101.85974884033203,"orthographic":false}