{"cameraMode":{"drawMode":0,"name":"Shaded","section":"Shading Mode"},"sceneLighting":false,"audioPlay":false,"sceneViewState":{"showFog":false,"showMaterialUpdate":false,"showSkybox":false,"showFlares":false,"showImageEffects":false,"showParticleSystems":false},"in2DMode":false,"pivot":{"x":-0.14307749271392823,"y":1.4014878273010255,"z":0.5724208354949951},"rotation":{"x":-0.06105514615774155,"y":-0.9289267063140869,"z":0.17769452929496766,"w":-0.31914082169532778},"size":0.8312413096427918,"orthographic":false}