{"cameraMode":{"drawMode":0,"name":"Shaded","section":"Shading Mode"},"sceneLighting":false,"audioPlay":false,"sceneViewState":{"showFog":false,"showMaterialUpdate":false,"showSkybox":false,"showFlares":false,"showImageEffects":false,"showParticleSystems":false},"in2DMode":false,"pivot":{"x":0.0,"y":0.09087260067462921,"z":4.76837158203125e-7},"rotation":{"x":-0.28834158182144167,"y":-0.31501761078834536,"z":0.10110554099082947,"w":-0.8985936641693115},"size":-0.7307146787643433,"orthographic":false}