{"cameraMode":{"drawMode":0,"name":"Shaded","section":"Shading Mode"},"sceneLighting":false,"audioPlay":false,"sceneViewState":{"showFog":true,"showMaterialUpdate":false,"showSkybox":false,"showFlares":true,"showImageEffects":true,"showParticleSystems":true},"in2DMode":false,"pivot":{"x":0.012346546165645123,"y":2.8247270584106447,"z":-0.4761478900909424},"rotation":{"x":-0.03402896225452423,"y":0.9367510080337524,"z":-0.09471689909696579,"w":-0.3353685140609741},"size":15.881528854370118,"orthographic":false}