{"cameraMode":{"drawMode":0,"name":"Shaded","section":"Shading Mode"},"sceneLighting":false,"audioPlay":false,"sceneViewState":{"showFog":false,"showMaterialUpdate":false,"showSkybox":false,"showFlares":false,"showImageEffects":false,"showParticleSystems":false},"in2DMode":false,"pivot":{"x":22.926700592041017,"y":2.4000000953674318,"z":7.889999866485596},"rotation":{"x":-0.004804904572665691,"y":-0.9944427609443665,"z":0.0927780419588089,"w":-0.05297588184475899},"size":46.524566650390628,"orthographic":false}