{"cameraMode":{"drawMode":0,"name":"Shaded","section":"Shading Mode"},"sceneLighting":false,"audioPlay":false,"sceneViewState":{"showFog":false,"showMaterialUpdate":false,"showSkybox":false,"showFlares":false,"showImageEffects":false,"showParticleSystems":false},"in2DMode":false,"pivot":{"x":2.404927968978882,"y":3.580444812774658,"z":2.728266716003418},"rotation":{"x":0.03987104073166847,"y":-0.9614445567131043,"z":0.14753614366054536,"w":0.23034988343715669},"size":7.927318096160889,"orthographic":false}