{"cameraMode":{"drawMode":0,"name":"Shaded","section":"Shading Mode"},"sceneLighting":false,"audioPlay":false,"sceneViewState":{"showFog":false,"showMaterialUpdate":false,"showSkybox":false,"showFlares":false,"showImageEffects":false,"showParticleSystems":false},"in2DMode":false,"pivot":{"x":0.0,"y":0.03876836597919464,"z":-0.0029035210609436037},"rotation":{"x":-0.027989627793431283,"y":-0.9568469524383545,"z":0.12301450967788696,"w":-0.26355835795402529},"size":0.29210567474365237,"orthographic":false}