{"cameraMode":{"drawMode":0,"name":"Shaded","section":"Shading Mode"},"sceneLighting":false,"audioPlay":false,"sceneViewState":{"showFog":false,"showMaterialUpdate":false,"showSkybox":false,"showFlares":false,"showImageEffects":false,"showParticleSystems":false},"in2DMode":false,"pivot":{"x":5.960464477539063e-7,"y":0.8537138104438782,"z":-0.0495358407497406},"rotation":{"x":-0.038324616849422458,"y":0.9532415270805359,"z":-0.2669030427932739,"w":-0.13673721253871919},"size":2.306319236755371,"orthographic":false}