{"cameraMode":{"drawMode":0,"name":"Shaded","section":"Shading Mode"},"sceneLighting":false,"audioPlay":false,"sceneViewState":{"showFog":false,"showMaterialUpdate":false,"showSkybox":false,"showFlares":false,"showImageEffects":false,"showParticleSystems":false},"in2DMode":false,"pivot":{"x":-0.0008884668350219727,"y":0.8900423049926758,"z":-0.06965715438127518},"rotation":{"x":-0.0060942810960114,"y":0.9706863760948181,"z":-0.2390964925289154,"w":-0.02473783679306507},"size":4.834268093109131,"orthographic":false}