{"cameraMode":{"drawMode":0,"name":"Shaded","section":"Shading Mode"},"sceneLighting":false,"audioPlay":false,"sceneViewState":{"showFog":false,"showMaterialUpdate":false,"showSkybox":false,"showFlares":false,"showImageEffects":false,"showParticleSystems":false},"in2DMode":false,"pivot":{"x":-6.960000991821289,"y":2.46327805519104,"z":12.258000373840332},"rotation":{"x":0.023607203736901284,"y":0.9733465313911438,"z":-0.19559791684150697,"w":0.11767327785491944},"size":9.068851470947266,"orthographic":false}