{"cameraMode":{"drawMode":0,"name":"Shaded","section":"Shading Mode"},"sceneLighting":false,"audioPlay":false,"sceneViewState":{"showFog":true,"showMaterialUpdate":false,"showSkybox":false,"showFlares":true,"showImageEffects":true,"showParticleSystems":true},"in2DMode":false,"pivot":{"x":-0.7727004885673523,"y":0.7513014078140259,"z":0.2590067982673645},"rotation":{"x":0.2132694572210312,"y":-0.3330872654914856,"z":0.07765334844589234,"w":0.9153680205345154},"size":6.269857883453369,"orthographic":false}