{"cameraMode":{"drawMode":0,"name":"Shaded","section":"Shading Mode"},"sceneLighting":false,"audioPlay":false,"sceneViewState":{"showFog":true,"showMaterialUpdate":false,"showSkybox":false,"showFlares":true,"showImageEffects":true,"showParticleSystems":true},"in2DMode":false,"pivot":{"x":0.01246035099029541,"y":1.6292650699615479,"z":-0.004725217819213867},"rotation":{"x":0.040462810546159747,"y":-0.9523665904998779,"z":0.26517221331596377,"w":0.14622695744037629},"size":7.350358963012695,"orthographic":false}