{"cameraMode":{"drawMode":0,"name":"Shaded","section":"Shading Mode"},"sceneLighting":false,"audioPlay":false,"sceneViewState":{"showFog":false,"showMaterialUpdate":false,"showSkybox":false,"showFlares":false,"showImageEffects":false,"showParticleSystems":false},"in2DMode":false,"pivot":{"x":-0.003033900633454323,"y":0.09018007665872574,"z":0.3488278388977051},"rotation":{"x":-0.03652074933052063,"y":0.7173076272010803,"z":-0.037697482854127887,"w":-0.6948301792144775},"size":1.1075160503387452,"orthographic":false}