{"cameraMode":{"drawMode":0,"name":"Shaded","section":"Shading Mode"},"sceneLighting":false,"audioPlay":false,"sceneViewState":{"showFog":false,"showMaterialUpdate":false,"showSkybox":false,"showFlares":false,"showImageEffects":false,"showParticleSystems":false},"in2DMode":false,"pivot":{"x":-3.5762786865234377e-7,"y":0.5595813989639282,"z":-0.00933915376663208},"rotation":{"x":-0.010853045620024205,"y":0.9875826835632324,"z":-0.14942146837711335,"w":-0.055836595594882968},"size":4.864120006561279,"orthographic":false}