{"cameraMode":{"drawMode":0,"name":"Shaded","section":"Shading Mode"},"sceneLighting":false,"audioPlay":false,"sceneViewState":{"showFog":false,"showMaterialUpdate":false,"showSkybox":false,"showFlares":false,"showImageEffects":false,"showParticleSystems":false},"in2DMode":false,"pivot":{"x":0.004590034484863281,"y":0.5966050028800964,"z":-0.00473417341709137},"rotation":{"x":-0.007569123059511185,"y":0.9807867407798767,"z":-0.195481538772583,"w":-0.025865724310278894},"size":2.5355920791625978,"orthographic":false}