{"cameraMode":{"drawMode":0,"name":"Shaded","section":"Shading Mode"},"sceneLighting":false,"audioPlay":false,"sceneViewState":{"showFog":false,"showMaterialUpdate":false,"showSkybox":false,"showFlares":false,"showImageEffects":false,"showParticleSystems":false},"in2DMode":false,"pivot":{"x":266.0807800292969,"y":225.91236877441407,"z":459.5837707519531},"rotation":{"x":-0.010574021376669407,"y":-0.9821895360946655,"z":-0.057492420077323917,"w":0.1795189380645752},"size":15.6834716796875,"orthographic":false}