{"cameraMode":{"drawMode":0,"name":"Shaded","section":"Shading Mode"},"sceneLighting":false,"audioPlay":false,"sceneViewState":{"showFog":false,"showMaterialUpdate":false,"showSkybox":false,"showFlares":false,"showImageEffects":false,"showParticleSystems":false},"in2DMode":false,"pivot":{"x":-1.4939565658569337,"y":0.11033245921134949,"z":-1.4564933776855469},"rotation":{"x":-0.09554269909858704,"y":0.8512271642684937,"z":-0.15674667060375215,"w":-0.492453396320343},"size":10.364325523376465,"orthographic":false}