{"cameraMode":{"drawMode":0,"name":"Shaded","section":"Shading Mode"},"sceneLighting":false,"audioPlay":false,"sceneViewState":{"showFog":false,"showMaterialUpdate":false,"showSkybox":false,"showFlares":false,"showImageEffects":false,"showParticleSystems":false},"in2DMode":false,"pivot":{"x":-0.03007030487060547,"y":0.031286001205444339,"z":0.026317596435546876},"rotation":{"x":0.06641067564487457,"y":-0.9330562949180603,"z":0.26733624935150149,"w":0.23211047053337098},"size":22.0,"orthographic":false}