{"cameraMode":{"drawMode":0,"name":"Shaded","section":"Shading Mode"},"sceneLighting":false,"audioPlay":false,"sceneViewState":{"showFog":false,"showMaterialUpdate":false,"showSkybox":false,"showFlares":false,"showImageEffects":false,"showParticleSystems":false},"in2DMode":false,"pivot":{"x":-0.0014591217041015626,"y":-3.898965835571289,"z":-0.00804901123046875},"rotation":{"x":-0.13791874051094056,"y":-0.8261072635650635,"z":0.23007240891456605,"w":-0.49593013525009158},"size":92.6363754272461,"orthographic":false}