{"cameraMode":{"drawMode":0,"name":"Shaded","section":"Shading Mode"},"sceneLighting":false,"audioPlay":false,"sceneViewState":{"showFog":false,"showMaterialUpdate":false,"showSkybox":false,"showFlares":false,"showImageEffects":false,"showParticleSystems":false},"in2DMode":false,"pivot":{"x":-0.2930275797843933,"y":1.5230305194854737,"z":-0.07895255088806153},"rotation":{"x":-0.0013997850473970175,"y":-0.9957082271575928,"z":0.09167187660932541,"w":-0.015830276533961297},"size":3.4131646156311037,"orthographic":false}