{"cameraMode":{"drawMode":0,"name":"Shaded","section":"Shading Mode"},"sceneLighting":false,"audioPlay":false,"sceneViewState":{"showFog":true,"showMaterialUpdate":false,"showSkybox":false,"showFlares":true,"showImageEffects":true,"showParticleSystems":true},"in2DMode":false,"pivot":{"x":-5.257088661193848,"y":0.14728355407714845,"z":0.6791839599609375},"rotation":{"x":-0.021303126588463784,"y":0.9714052081108093,"z":-0.21651406586170197,"w":-0.09530524164438248},"size":54.27063751220703,"orthographic":false}