{"cameraMode":{"drawMode":0,"name":"Shaded","section":"Shading Mode"},"sceneLighting":false,"audioPlay":false,"sceneViewState":{"showFog":true,"showMaterialUpdate":false,"showSkybox":false,"showFlares":true,"showImageEffects":true,"showParticleSystems":true},"in2DMode":false,"pivot":{"x":1.3961700201034547,"y":1.936577558517456,"z":-0.2963104248046875},"rotation":{"x":0.0007084046956151724,"y":-0.9983616471290588,"z":0.011399991810321808,"w":0.05929896607995033},"size":7.955295562744141,"orthographic":false}