{"cameraMode":{"drawMode":0,"name":"Shaded","section":"Shading Mode"},"sceneLighting":false,"audioPlay":false,"sceneViewState":{"showFog":false,"showMaterialUpdate":false,"showSkybox":false,"showFlares":false,"showImageEffects":false,"showParticleSystems":false},"in2DMode":false,"pivot":{"x":0.0,"y":0.8642327189445496,"z":-0.06763575226068497},"rotation":{"x":0.0119997663423419,"y":0.9651138782501221,"z":-0.2577841281890869,"w":0.044928159564733508},"size":2.0715596675872804,"orthographic":false}