{"cameraMode":{"drawMode":0,"name":"Shaded","section":"Shading Mode"},"sceneLighting":false,"audioPlay":false,"sceneViewState":{"showFog":false,"showMaterialUpdate":false,"showSkybox":false,"showFlares":false,"showImageEffects":false,"showParticleSystems":false},"in2DMode":false,"pivot":{"x":0.0,"y":0.04161951318383217,"z":-0.0002810359001159668},"rotation":{"x":0.05039147660136223,"y":0.9216853380203247,"z":-0.12801507115364076,"w":0.36281850934028628},"size":0.4924583435058594,"orthographic":false}