{"cameraMode":{"drawMode":0,"name":"Shaded","section":"Shading Mode"},"sceneLighting":false,"audioPlay":false,"sceneViewState":{"showFog":true,"showMaterialUpdate":false,"showSkybox":false,"showFlares":true,"showImageEffects":true,"showParticleSystems":true},"in2DMode":false,"pivot":{"x":-0.6106612086296082,"y":2.576547622680664,"z":5.61626672744751},"rotation":{"x":0.03336787596344948,"y":-0.8285895586013794,"z":0.04769816994667053,"w":0.5572105050086975},"size":26.12033462524414,"orthographic":false}