{"cameraMode":{"drawMode":0,"name":"Shaded","section":"Shading Mode"},"sceneLighting":false,"audioPlay":false,"sceneViewState":{"showFog":false,"showMaterialUpdate":false,"showSkybox":false,"showFlares":false,"showImageEffects":false,"showParticleSystems":false},"in2DMode":false,"pivot":{"x":1.6415895223617554,"y":1.228151559829712,"z":-0.5764415860176086},"rotation":{"x":-0.08558427542448044,"y":-0.7864071726799011,"z":0.1115228682756424,"w":-0.6017875075340271},"size":3.098102331161499,"orthographic":false}