{"cameraMode":{"drawMode":0,"name":"Shaded","section":"Shading Mode"},"sceneLighting":false,"audioPlay":false,"sceneViewState":{"showFog":false,"showMaterialUpdate":false,"showSkybox":false,"showFlares":false,"showImageEffects":false,"showParticleSystems":false},"in2DMode":false,"pivot":{"x":-33.02838134765625,"y":25.32737159729004,"z":-30.910659790039064},"rotation":{"x":-0.03261764347553253,"y":0.9614653587341309,"z":-0.13089445233345033,"w":-0.23956932127475739},"size":7.174263000488281,"orthographic":false}