{"cameraMode":{"drawMode":0,"name":"Shaded","section":"Shading Mode"},"sceneLighting":false,"audioPlay":false,"sceneViewState":{"showFog":true,"showMaterialUpdate":false,"showSkybox":false,"showFlares":true,"showImageEffects":true,"showParticleSystems":true},"in2DMode":false,"pivot":{"x":0.042901694774627689,"y":1.2790589332580567,"z":-0.12912487983703614},"rotation":{"x":-0.021303126588463784,"y":0.9714052081108093,"z":-0.21651406586170197,"w":-0.09530524164438248},"size":6.508622169494629,"orthographic":false}