{"cameraMode":{"drawMode":0,"name":"Shaded","section":"Shading Mode"},"sceneLighting":false,"audioPlay":false,"sceneViewState":{"showFog":false,"showMaterialUpdate":false,"showSkybox":false,"showFlares":false,"showImageEffects":false,"showParticleSystems":false},"in2DMode":false,"pivot":{"x":0.01041908748447895,"y":0.5176864862442017,"z":0.08765900135040283},"rotation":{"x":-0.033506765961647037,"y":0.7851166725158691,"z":-0.043058380484580997,"w":-0.6170259118080139},"size":3.1947476863861086,"orthographic":false}