{"cameraMode":{"drawMode":0,"name":"Shaded","section":"Shading Mode"},"sceneLighting":false,"audioPlay":false,"sceneViewState":{"showFog":false,"showMaterialUpdate":false,"showSkybox":false,"showFlares":false,"showImageEffects":false,"showParticleSystems":false},"in2DMode":false,"pivot":{"x":18.445173263549806,"y":3.7497315406799318,"z":8.008248329162598},"rotation":{"x":0.07938454300165177,"y":0.8460935950279236,"z":-0.1329387128353119,"w":0.5105346441268921},"size":24.646970748901368,"orthographic":false}