{"cameraMode":{"drawMode":0,"name":"Shaded","section":"Shading Mode"},"sceneLighting":false,"audioPlay":false,"sceneViewState":{"showFog":false,"showMaterialUpdate":false,"showSkybox":false,"showFlares":false,"showImageEffects":false,"showParticleSystems":false},"in2DMode":false,"pivot":{"x":2.384185791015625e-7,"y":0.5846240520477295,"z":-0.004572629928588867},"rotation":{"x":-0.010853045620024205,"y":0.9875826835632324,"z":-0.14942146837711335,"w":-0.055836595594882968},"size":4.93543004989624,"orthographic":false}