{"cameraMode":{"drawMode":0,"name":"Shaded","section":"Shading Mode"},"sceneLighting":false,"audioPlay":false,"sceneViewState":{"showFog":false,"showMaterialUpdate":false,"showSkybox":false,"showFlares":false,"showImageEffects":false,"showParticleSystems":false},"in2DMode":false,"pivot":{"x":-0.0389995276927948,"y":0.7878718972206116,"z":0.002482473850250244},"rotation":{"x":-0.0041059511713683609,"y":0.9818272590637207,"z":-0.19310615956783296,"w":-0.03229942172765732},"size":4.030125617980957,"orthographic":false}