{"cameraMode":{"drawMode":0,"name":"Shaded","section":"Shading Mode"},"sceneLighting":false,"audioPlay":false,"sceneViewState":{"showFog":true,"showMaterialUpdate":false,"showSkybox":false,"showFlares":true,"showImageEffects":true,"showParticleSystems":true},"in2DMode":false,"pivot":{"x":-2.384185791015625e-7,"y":0.017033308744430543,"z":0.0},"rotation":{"x":-0.006058783270418644,"y":0.9723735451698303,"z":-0.23209665715694428,"w":-0.025087431073188783},"size":3.358304738998413,"orthographic":false}