{"cameraMode":{"drawMode":0,"name":"Shaded","section":"Shading Mode"},"sceneLighting":false,"audioPlay":false,"sceneViewState":{"showFog":false,"showMaterialUpdate":false,"showSkybox":false,"showFlares":false,"showImageEffects":false,"showParticleSystems":false},"in2DMode":false,"pivot":{"x":0.0,"y":0.03085518628358841,"z":0.10836145281791687},"rotation":{"x":0.11632822453975678,"y":0.8701178431510925,"z":-0.2464519888162613,"w":0.41071757674217226},"size":0.7833512425422669,"orthographic":false}