{"cameraMode":{"drawMode":0,"name":"Shaded","section":"Shading Mode"},"sceneLighting":false,"audioPlay":false,"sceneViewState":{"showFog":true,"showMaterialUpdate":false,"showSkybox":false,"showFlares":true,"showImageEffects":true,"showParticleSystems":true},"in2DMode":false,"pivot":{"x":-4.76837158203125e-7,"y":0.8676928281784058,"z":-0.06515049934387207},"rotation":{"x":0.10543642193078995,"y":0.8720911741256714,"z":-0.2156350016593933,"w":0.4264398217201233},"size":4.806451320648193,"orthographic":false}