{"cameraMode":{"drawMode":0,"name":"Shaded","section":"Shading Mode"},"sceneLighting":false,"audioPlay":false,"sceneViewState":{"showFog":true,"showMaterialUpdate":false,"showSkybox":false,"showFlares":true,"showImageEffects":true,"showParticleSystems":true},"in2DMode":false,"pivot":{"x":4.76837158203125e-7,"y":1.6473795175552369,"z":0.0},"rotation":{"x":-0.19439361989498139,"y":0.40898051857948305,"z":-0.08958377689123154,"w":-0.8870991468429565},"size":13.644553184509278,"orthographic":false}