{"cameraMode":{"drawMode":0,"name":"Shaded","section":"Shading Mode"},"sceneLighting":false,"audioPlay":false,"sceneViewState":{"showFog":false,"showMaterialUpdate":false,"showSkybox":false,"showFlares":false,"showImageEffects":false,"showParticleSystems":false},"in2DMode":false,"pivot":{"x":-0.059999942779541019,"y":1.6700000762939454,"z":0.49321460723876955},"rotation":{"x":-0.0864710733294487,"y":-0.8779587149620056,"z":0.1734192818403244,"w":-0.43784359097480776},"size":1.6730761528015137,"orthographic":false}