{"cameraMode":{"drawMode":0,"name":"Shaded","section":"Shading Mode"},"sceneLighting":false,"audioPlay":false,"sceneViewState":{"showFog":false,"showMaterialUpdate":false,"showSkybox":false,"showFlares":false,"showImageEffects":false,"showParticleSystems":false},"in2DMode":false,"pivot":{"x":1.1920928955078126e-7,"y":0.8559287786483765,"z":-0.061756543815135959},"rotation":{"x":0.07739278674125672,"y":0.9225220680236816,"z":-0.25979915261268618,"w":0.2748095691204071},"size":2.31516170501709,"orthographic":false}