{"cameraMode":{"drawMode":0,"name":"Shaded","section":"Shading Mode"},"sceneLighting":false,"audioPlay":false,"sceneViewState":{"showFog":true,"showMaterialUpdate":false,"showSkybox":false,"showFlares":true,"showImageEffects":true,"showParticleSystems":true},"in2DMode":false,"pivot":{"x":-0.21473294496536256,"y":-0.09947818517684937,"z":0.3553192615509033},"rotation":{"x":-0.07699248939752579,"y":0.8031796813011169,"z":-0.10423743724822998,"w":-0.5818166136741638},"size":2.1452343463897707,"orthographic":false}