{"cameraMode":{"drawMode":0,"name":"Shaded","section":"Shading Mode"},"sceneLighting":false,"audioPlay":false,"sceneViewState":{"showFog":false,"showMaterialUpdate":false,"showSkybox":false,"showFlares":false,"showImageEffects":false,"showParticleSystems":false},"in2DMode":false,"pivot":{"x":0.04251829534769058,"y":0.09323331713676453,"z":0.08414006978273392},"rotation":{"x":-0.08137292414903641,"y":-0.7688015103340149,"z":0.10003004968166352,"w":-0.6264570355415344},"size":0.6452344655990601,"orthographic":false}