{"cameraMode":{"drawMode":0,"name":"Shaded","section":"Shading Mode"},"sceneLighting":false,"audioPlay":false,"sceneViewState":{"showFog":true,"showMaterialUpdate":false,"showSkybox":false,"showFlares":true,"showImageEffects":true,"showParticleSystems":true},"in2DMode":false,"pivot":{"x":-0.14962419867515565,"y":-0.3583986163139343,"z":-0.06648176163434982},"rotation":{"x":0.19194766879081727,"y":-0.8077014684677124,"z":0.40774381160736086,"w":0.3806276321411133},"size":3.4131951332092287,"orthographic":false}