{"cameraMode":{"drawMode":0,"name":"Shaded","section":"Shading Mode"},"sceneLighting":false,"audioPlay":false,"sceneViewState":{"showFog":false,"showMaterialUpdate":false,"showSkybox":false,"showFlares":false,"showImageEffects":false,"showParticleSystems":false},"in2DMode":false,"pivot":{"x":0.09138466417789459,"y":3.942859411239624,"z":-2.1520819664001467},"rotation":{"x":0.00697358837351203,"y":-0.9976862668991089,"z":0.01304517313838005,"w":0.07238679379224777},"size":10.490446090698243,"orthographic":false}