{"cameraMode":{"drawMode":0,"name":"Shaded","section":"Shading Mode"},"sceneLighting":false,"audioPlay":false,"sceneViewState":{"showFog":false,"showMaterialUpdate":false,"showSkybox":false,"showFlares":false,"showImageEffects":false,"showParticleSystems":false},"in2DMode":false,"pivot":{"x":3.4790496826171877,"y":1.2175047397613526,"z":0.40452617406845095},"rotation":{"x":-0.10353151708841324,"y":0.042699724435806277,"z":-0.004273203667253256,"w":-0.9937599301338196},"size":27.12811279296875,"orthographic":false}