{"cameraMode":{"drawMode":0,"name":"Shaded","section":"Shading Mode"},"sceneLighting":false,"audioPlay":false,"sceneViewState":{"showFog":true,"showMaterialUpdate":false,"showSkybox":false,"showFlares":true,"showImageEffects":true,"showParticleSystems":true},"in2DMode":false,"pivot":{"x":-2.384185791015625e-7,"y":0.04814256727695465,"z":0.0},"rotation":{"x":0.09261900931596756,"y":0.8864641785621643,"z":-0.20232801139354707,"w":0.40579551458358767},"size":0.8603554368019104,"orthographic":true}