{"cameraMode":{"drawMode":0,"name":"Shaded","section":"Shading Mode"},"sceneLighting":false,"audioPlay":false,"sceneViewState":{"showFog":false,"showMaterialUpdate":false,"showSkybox":false,"showFlares":false,"showImageEffects":false,"showParticleSystems":false},"in2DMode":false,"pivot":{"x":-0.033652156591415408,"y":-0.02504585310816765,"z":0.014176696538925171},"rotation":{"x":0.02256687358021736,"y":-0.7768185138702393,"z":0.01880774088203907,"w":0.6297791004180908},"size":0.2972714304924011,"orthographic":false}