{"cameraMode":{"drawMode":0,"name":"Shaded","section":"Shading Mode"},"sceneLighting":false,"audioPlay":false,"sceneViewState":{"showFog":false,"showMaterialUpdate":false,"showSkybox":false,"showFlares":false,"showImageEffects":false,"showParticleSystems":false},"in2DMode":false,"pivot":{"x":-0.23569050431251527,"y":1.153519868850708,"z":0.08623024821281433},"rotation":{"x":-0.016489438712596895,"y":0.970052182674408,"z":-0.23339605331420899,"w":-0.06819029152393341},"size":4.750044345855713,"orthographic":false}