{"cameraMode":{"drawMode":0,"name":"Shaded","section":"Shading Mode"},"sceneLighting":false,"audioPlay":false,"sceneViewState":{"showFog":true,"showMaterialUpdate":false,"showSkybox":false,"showFlares":true,"showImageEffects":true,"showParticleSystems":true},"in2DMode":false,"pivot":{"x":0.3281363844871521,"y":-0.1441057324409485,"z":-0.40714436769485476},"rotation":{"x":0.00041608139872550964,"y":0.9994348287582398,"z":-0.03030201978981495,"w":0.01618611440062523},"size":5.46560001373291,"orthographic":false}