{"cameraMode":{"drawMode":0,"name":"Shaded","section":"Shading Mode"},"sceneLighting":false,"audioPlay":false,"sceneViewState":{"showFog":false,"showMaterialUpdate":false,"showSkybox":false,"showFlares":false,"showImageEffects":false,"showParticleSystems":false},"in2DMode":false,"pivot":{"x":-0.0035389065742492677,"y":0.49134087562561037,"z":0.002482473850250244},"rotation":{"x":-0.007544195745140314,"y":0.9465593695640564,"z":-0.3249339163303375,"w":-0.026996366679668428},"size":1.8896598815917969,"orthographic":false}