{"cameraMode":{"drawMode":0,"name":"Shaded","section":"Shading Mode"},"sceneLighting":false,"audioPlay":false,"sceneViewState":{"showFog":false,"showMaterialUpdate":false,"showSkybox":false,"showFlares":false,"showImageEffects":false,"showParticleSystems":false},"in2DMode":false,"pivot":{"x":-4.970858573913574,"y":1.5927796363830567,"z":-9.546798706054688},"rotation":{"x":0.013940766453742981,"y":-0.9917761087417603,"z":0.10438612848520279,"w":0.07885847985744477},"size":0.5812162160873413,"orthographic":false}