{"cameraMode":{"drawMode":0,"name":"Shaded","section":"Shading Mode"},"sceneLighting":false,"audioPlay":false,"sceneViewState":{"showFog":true,"showMaterialUpdate":false,"showSkybox":false,"showFlares":true,"showImageEffects":true,"showParticleSystems":true},"in2DMode":false,"pivot":{"x":-1.3403468132019044,"y":2.9037632942199709,"z":0.22492198646068574},"rotation":{"x":0.028493434190750123,"y":-0.9716575741767883,"z":0.16121205687522889,"w":0.17162108421325684},"size":16.574621200561525,"orthographic":false}