{"cameraMode":{"drawMode":0,"name":"Shaded","section":"Shading Mode"},"sceneLighting":false,"audioPlay":false,"sceneViewState":{"showFog":true,"showMaterialUpdate":false,"showSkybox":false,"showFlares":true,"showImageEffects":true,"showParticleSystems":true},"in2DMode":false,"pivot":{"x":-0.09466147422790528,"y":0.028606440871953965,"z":0.0},"rotation":{"x":-0.006058783270418644,"y":0.9723735451698303,"z":-0.23209665715694428,"w":-0.025087431073188783},"size":9.747228622436524,"orthographic":false}