{"cameraMode":{"drawMode":0,"name":"Shaded","section":"Shading Mode"},"sceneLighting":false,"audioPlay":false,"sceneViewState":{"showFog":false,"showMaterialUpdate":false,"showSkybox":false,"showFlares":false,"showImageEffects":false,"showParticleSystems":false},"in2DMode":false,"pivot":{"x":0.0,"y":0.04770969972014427,"z":0.19097298383712769},"rotation":{"x":0.06286433339118958,"y":0.7425255179405212,"z":-0.07038524001836777,"w":0.6631863713264465},"size":1.8122406005859376,"orthographic":false}