{"cameraMode":{"drawMode":0,"name":"Shaded","section":"Shading Mode"},"sceneLighting":false,"audioPlay":false,"sceneViewState":{"showFog":false,"showMaterialUpdate":false,"showSkybox":false,"showFlares":false,"showImageEffects":false,"showParticleSystems":false},"in2DMode":false,"pivot":{"x":0.055662333965301517,"y":0.04434248432517052,"z":0.13259221613407136},"rotation":{"x":0.048096127808094028,"y":0.9050396680831909,"z":-0.10637891292572022,"w":0.4090766906738281},"size":0.9118011593818665,"orthographic":false}