{"cameraMode":{"drawMode":0,"name":"Shaded","section":"Shading Mode"},"sceneLighting":false,"audioPlay":false,"sceneViewState":{"showFog":true,"showMaterialUpdate":false,"showSkybox":false,"showFlares":true,"showImageEffects":true,"showParticleSystems":true},"in2DMode":false,"pivot":{"x":-2.593130111694336,"y":-0.7102241516113281,"z":3.419471025466919},"rotation":{"x":0.0008827776182442904,"y":-0.9970768094062805,"z":0.07915765792131424,"w":-0.001996743492782116},"size":26.813440322875978,"orthographic":false}