{"cameraMode":{"drawMode":0,"name":"Shaded","section":"Shading Mode"},"sceneLighting":false,"audioPlay":false,"sceneViewState":{"showFog":true,"showMaterialUpdate":false,"showSkybox":false,"showFlares":true,"showImageEffects":true,"showParticleSystems":true},"in2DMode":false,"pivot":{"x":0.0,"y":-1.2839937210083008,"z":3.7182555198669435},"rotation":{"x":-0.040518201887607577,"y":0.9084893465042114,"z":-0.09049078822135925,"w":-0.406037837266922},"size":17.006277084350587,"orthographic":false}