{"cameraMode":{"drawMode":0,"name":"Shaded","section":"Shading Mode"},"sceneLighting":false,"audioPlay":false,"sceneViewState":{"showFog":false,"showMaterialUpdate":false,"showSkybox":false,"showFlares":false,"showImageEffects":false,"showParticleSystems":false},"in2DMode":false,"pivot":{"x":0.05996439605951309,"y":0.23134365677833558,"z":0.05739828944206238},"rotation":{"x":0.1569991558790207,"y":0.6595457792282105,"z":-0.1437542587518692,"w":0.720913827419281},"size":1.6568174362182618,"orthographic":false}