{"cameraMode":{"drawMode":0,"name":"Shaded","section":"Shading Mode"},"sceneLighting":false,"audioPlay":false,"sceneViewState":{"showFog":false,"showMaterialUpdate":false,"showSkybox":false,"showFlares":false,"showImageEffects":false,"showParticleSystems":false},"in2DMode":false,"pivot":{"x":0.3352944850921631,"y":-0.2228834629058838,"z":1.6144112348556519},"rotation":{"x":-0.21165452897548676,"y":0.11264181137084961,"z":-0.018472783267498018,"w":-0.9711361527442932},"size":6.423120498657227,"orthographic":false}