{"cameraMode":{"drawMode":0,"name":"Shaded","section":"Shading Mode"},"sceneLighting":false,"audioPlay":false,"sceneViewState":{"showFog":false,"showMaterialUpdate":false,"showSkybox":false,"showFlares":false,"showImageEffects":false,"showParticleSystems":false},"in2DMode":false,"pivot":{"x":11.02487564086914,"y":25.405776977539064,"z":93.15292358398438},"rotation":{"x":-0.01441732607781887,"y":0.9757497310638428,"z":-0.06773686408996582,"w":-0.20766614377498628},"size":4.81130313873291,"orthographic":false}