{"cameraMode":{"drawMode":0,"name":"Shaded","section":"Shading Mode"},"sceneLighting":false,"audioPlay":false,"sceneViewState":{"showFog":true,"showMaterialUpdate":false,"showSkybox":false,"showFlares":true,"showImageEffects":true,"showParticleSystems":true},"in2DMode":false,"pivot":{"x":-11.985522270202637,"y":10.417280197143555,"z":-4.078315734863281},"rotation":{"x":0.17401571571826936,"y":0.02265949733555317,"z":-0.003959510009735823,"w":0.984656810760498},"size":17.194616317749025,"orthographic":false}