{"cameraMode":{"drawMode":0,"name":"Shaded","section":"Shading Mode"},"sceneLighting":false,"audioPlay":false,"sceneViewState":{"showFog":false,"showMaterialUpdate":false,"showSkybox":false,"showFlares":false,"showImageEffects":false,"showParticleSystems":false},"in2DMode":false,"pivot":{"x":-1.4608678817749024,"y":0.07234948128461838,"z":-1.4924594163894654},"rotation":{"x":-0.01825655996799469,"y":-0.9547133445739746,"z":0.29094892740249636,"w":-0.0599532350897789},"size":4.8732500076293949,"orthographic":false}