{"cameraMode":{"drawMode":0,"name":"Shaded","section":"Shading Mode"},"sceneLighting":false,"audioPlay":false,"sceneViewState":{"showFog":false,"showMaterialUpdate":false,"showSkybox":false,"showFlares":false,"showImageEffects":false,"showParticleSystems":false},"in2DMode":false,"pivot":{"x":-19.586124420166017,"y":28.04428482055664,"z":7.921403884887695},"rotation":{"x":-0.012402968481183052,"y":0.9858393669128418,"z":-0.08480209112167359,"w":-0.1441567838191986},"size":2.8578834533691408,"orthographic":false}