{"cameraMode":{"drawMode":0,"name":"Shaded","section":"Shading Mode"},"sceneLighting":false,"audioPlay":false,"sceneViewState":{"showFog":false,"showMaterialUpdate":false,"showSkybox":false,"showFlares":false,"showImageEffects":false,"showParticleSystems":false},"in2DMode":false,"pivot":{"x":-1.0800000429153443,"y":5.909999847412109,"z":-8.199999809265137},"rotation":{"x":-0.014744821935892105,"y":0.981579601764679,"z":0.08471225947141648,"w":0.17071692645549775},"size":4.511477470397949,"orthographic":false}