{"cameraMode":{"drawMode":0,"name":"Shaded","section":"Shading Mode"},"sceneLighting":false,"audioPlay":false,"sceneViewState":{"showFog":true,"showMaterialUpdate":false,"showSkybox":false,"showFlares":true,"showImageEffects":true,"showParticleSystems":true},"in2DMode":false,"pivot":{"x":0.0417136549949646,"y":0.25832846760749819,"z":-0.19739829003810883},"rotation":{"x":-0.05034821480512619,"y":-0.930030107498169,"z":0.3373601734638214,"w":-0.13800100982189179},"size":3.5964913368225099,"orthographic":false}