{"cameraMode":{"drawMode":0,"name":"Shaded","section":"Shading Mode"},"sceneLighting":false,"audioPlay":false,"sceneViewState":{"showFog":true,"showMaterialUpdate":false,"showSkybox":false,"showFlares":true,"showImageEffects":true,"showParticleSystems":true},"in2DMode":false,"pivot":{"x":19.8904972076416,"y":4.440402030944824,"z":7.67473030090332},"rotation":{"x":-0.049611546099185947,"y":-0.08349084854125977,"z":0.004205191973596811,"w":-0.9952987432479858},"size":6.87772798538208,"orthographic":false}