{"cameraMode":{"drawMode":0,"name":"Shaded","section":"Shading Mode"},"sceneLighting":false,"audioPlay":false,"sceneViewState":{"showFog":true,"showMaterialUpdate":false,"showSkybox":false,"showFlares":true,"showImageEffects":true,"showParticleSystems":true},"in2DMode":false,"pivot":{"x":-1.4934152364730836,"y":-0.9203055500984192,"z":-1.418086051940918},"rotation":{"x":0.09261900931596756,"y":0.8864641785621643,"z":-0.20232801139354707,"w":0.40579551458358767},"size":8.183204650878907,"orthographic":true}