{"cameraMode":{"drawMode":0,"name":"Shaded","section":"Shading Mode"},"sceneLighting":false,"audioPlay":false,"sceneViewState":{"showFog":true,"showMaterialUpdate":false,"showSkybox":false,"showFlares":true,"showImageEffects":true,"showParticleSystems":true},"in2DMode":false,"pivot":{"x":-4.76837158203125e-7,"y":0.8676928281784058,"z":-0.06515049934387207},"rotation":{"x":-0.001261587138287723,"y":0.9752487540245056,"z":-0.22105376422405244,"w":-0.005563134327530861},"size":3.3064510822296144,"orthographic":false}