{"cameraMode":{"drawMode":0,"name":"Shaded","section":"Shading Mode"},"sceneLighting":false,"audioPlay":false,"sceneViewState":{"showFog":false,"showMaterialUpdate":false,"showSkybox":false,"showFlares":false,"showImageEffects":false,"showParticleSystems":false},"in2DMode":false,"pivot":{"x":0.0,"y":0.053348615765571597,"z":0.13649702072143556},"rotation":{"x":0.027402373030781747,"y":0.8934915065765381,"z":-0.055026765912771228,"w":0.444926381111145},"size":1.6458154916763306,"orthographic":false}