{"cameraMode":{"drawMode":0,"name":"Shaded","section":"Shading Mode"},"sceneLighting":false,"audioPlay":false,"sceneViewState":{"showFog":true,"showMaterialUpdate":false,"showSkybox":false,"showFlares":true,"showImageEffects":true,"showParticleSystems":true},"in2DMode":false,"pivot":{"x":0.0,"y":0.9019508361816406,"z":-0.08786244690418244},"rotation":{"x":0.00255090044811368,"y":0.9969246983528137,"z":-0.03680100664496422,"w":0.06919359415769577},"size":4.918784141540527,"orthographic":false}