{"cameraMode":{"drawMode":0,"name":"Shaded","section":"Shading Mode"},"sceneLighting":false,"audioPlay":false,"sceneViewState":{"showFog":false,"showMaterialUpdate":false,"showSkybox":false,"showFlares":false,"showImageEffects":false,"showParticleSystems":false},"in2DMode":false,"pivot":{"x":960.1222534179688,"y":558.6294555664063,"z":-133.00527954101563},"rotation":{"x":0.015170981176197529,"y":0.9846044182777405,"z":-0.13345631957054139,"w":0.1121474876999855},"size":22.0,"orthographic":false}