{"cameraMode":{"drawMode":0,"name":"Shaded","section":"Shading Mode"},"sceneLighting":false,"audioPlay":false,"sceneViewState":{"showFog":false,"showMaterialUpdate":false,"showSkybox":false,"showFlares":false,"showImageEffects":false,"showParticleSystems":false},"in2DMode":false,"pivot":{"x":-5.960464477539063e-8,"y":0.07919308543205261,"z":4.76837158203125e-7},"rotation":{"x":-0.29055941104888918,"y":-0.4869616627693176,"z":0.17584839463233949,"w":-0.8047308325767517},"size":9.337467193603516,"orthographic":false}