{"cameraMode":{"drawMode":0,"name":"Shaded","section":"Shading Mode"},"sceneLighting":false,"audioPlay":false,"sceneViewState":{"showFog":false,"showMaterialUpdate":false,"showSkybox":false,"showFlares":false,"showImageEffects":false,"showParticleSystems":false},"in2DMode":false,"pivot":{"x":-0.0067535266280174259,"y":0.025585591793060304,"z":0.17550992965698243},"rotation":{"x":0.08882687240839005,"y":0.738230288028717,"z":-0.09914667159318924,"w":0.6613367199897766},"size":0.26035958528518679,"orthographic":false}