{"cameraMode":{"drawMode":0,"name":"Shaded","section":"Shading Mode"},"sceneLighting":false,"audioPlay":false,"sceneViewState":{"showFog":true,"showMaterialUpdate":false,"showSkybox":false,"showFlares":true,"showImageEffects":true,"showParticleSystems":true},"in2DMode":false,"pivot":{"x":-0.04103696346282959,"y":2.5119192600250246,"z":-0.1086348295211792},"rotation":{"x":-0.0012127180816605688,"y":0.985374927520752,"z":-0.17047236859798432,"w":-0.006203376222401857},"size":6.947793006896973,"orthographic":false}