{"cameraMode":{"drawMode":0,"name":"Shaded","section":"Shading Mode"},"sceneLighting":false,"audioPlay":false,"sceneViewState":{"showFog":false,"showMaterialUpdate":false,"showSkybox":false,"showFlares":false,"showImageEffects":false,"showParticleSystems":false},"in2DMode":false,"pivot":{"x":-0.571429967880249,"y":1.9352242946624756,"z":-1.0866146087646485},"rotation":{"x":0.03335088491439819,"y":0.9631422758102417,"z":-0.14234265685081483,"w":0.2259339988231659},"size":7.923217296600342,"orthographic":false}