{"cameraMode":{"drawMode":0,"name":"Shaded","section":"Shading Mode"},"sceneLighting":false,"audioPlay":false,"sceneViewState":{"showFog":true,"showMaterialUpdate":false,"showSkybox":false,"showFlares":true,"showImageEffects":true,"showParticleSystems":true},"in2DMode":false,"pivot":{"x":-0.8629999756813049,"y":-0.10600000619888306,"z":-0.33000001311302187},"rotation":{"x":0.03771129995584488,"y":-0.7714191675186157,"z":0.045887868851423267,"w":0.6338335871696472},"size":1.269516944885254,"orthographic":false}