{"cameraMode":{"drawMode":0,"name":"Shaded","section":"Shading Mode"},"sceneLighting":false,"audioPlay":false,"sceneViewState":{"showFog":true,"showMaterialUpdate":false,"showSkybox":false,"showFlares":true,"showImageEffects":true,"showParticleSystems":true},"in2DMode":false,"pivot":{"x":0.0,"y":0.9019508361816406,"z":-0.08786244690418244},"rotation":{"x":0.012774568982422352,"y":0.9503554701805115,"z":-0.039364904165267947,"w":0.3084070086479187},"size":4.918784141540527,"orthographic":true}