{"cameraMode":{"drawMode":0,"name":"Shaded","section":"Shading Mode"},"sceneLighting":false,"audioPlay":false,"sceneViewState":{"showFog":true,"showMaterialUpdate":false,"showSkybox":false,"showFlares":true,"showImageEffects":true,"showParticleSystems":true},"in2DMode":false,"pivot":{"x":1.3187882900238038,"y":1.0280098915100098,"z":-0.38902759552001955},"rotation":{"x":-0.0020028117578476669,"y":0.9931836128234863,"z":-0.11553512513637543,"w":-0.016690794378519059},"size":14.950728416442871,"orthographic":false}