{"cameraMode":{"drawMode":0,"name":"Shaded","section":"Shading Mode"},"sceneLighting":false,"audioPlay":false,"sceneViewState":{"showFog":false,"showMaterialUpdate":false,"showSkybox":false,"showFlares":false,"showImageEffects":false,"showParticleSystems":false},"in2DMode":false,"pivot":{"x":-0.030071258544921876,"y":5.0,"z":0.026317596435546876},"rotation":{"x":-0.05335577577352524,"y":-0.9469002485275269,"z":0.22870641946792603,"w":-0.2203940600156784},"size":65.36997985839844,"orthographic":false}