{"cameraMode":{"drawMode":0,"name":"Shaded","section":"Shading Mode"},"sceneLighting":false,"audioPlay":false,"sceneViewState":{"showFog":true,"showMaterialUpdate":false,"showSkybox":false,"showFlares":true,"showImageEffects":true,"showParticleSystems":true},"in2DMode":false,"pivot":{"x":18.620023727416993,"y":10.363943099975586,"z":13.85159969329834},"rotation":{"x":-0.001428750460036099,"y":-0.9486097097396851,"z":0.31702110171318056,"w":-0.006568685173988342},"size":16.608692169189454,"orthographic":false}