{"cameraMode":{"drawMode":0,"name":"Shaded","section":"Shading Mode"},"sceneLighting":false,"audioPlay":false,"sceneViewState":{"showFog":true,"showMaterialUpdate":false,"showSkybox":false,"showFlares":true,"showImageEffects":true,"showParticleSystems":true},"in2DMode":false,"pivot":{"x":847.028076171875,"y":456.582763671875,"z":245.6463623046875},"rotation":{"x":-0.06442408263683319,"y":0.03960253670811653,"z":-0.002840082161128521,"w":-0.9973037838935852},"size":2325.88671875,"orthographic":false}