{"cameraMode":{"drawMode":0,"name":"Shaded","section":"Shading Mode"},"sceneLighting":false,"audioPlay":false,"sceneViewState":{"showFog":false,"showMaterialUpdate":false,"showSkybox":false,"showFlares":false,"showImageEffects":false,"showParticleSystems":false},"in2DMode":false,"pivot":{"x":-5.960464477539063e-8,"y":0.0755070298910141,"z":4.76837158203125e-7},"rotation":{"x":-0.01813533343374729,"y":-0.5047363638877869,"z":0.01060433778911829,"w":-0.8630586862564087},"size":2.860118865966797,"orthographic":false}