{"cameraMode":{"drawMode":0,"name":"Shaded","section":"Shading Mode"},"sceneLighting":false,"audioPlay":false,"sceneViewState":{"showFog":false,"showMaterialUpdate":false,"showSkybox":false,"showFlares":false,"showImageEffects":false,"showParticleSystems":false},"in2DMode":false,"pivot":{"x":0.0013922452926635743,"y":0.8691229820251465,"z":-0.0864625871181488},"rotation":{"x":0.06955508142709732,"y":0.9288356304168701,"z":-0.22731661796569825,"w":0.28429433703422549},"size":2.078430414199829,"orthographic":false}