{"cameraMode":{"drawMode":0,"name":"Shaded","section":"Shading Mode"},"sceneLighting":false,"audioPlay":false,"sceneViewState":{"showFog":false,"showMaterialUpdate":false,"showSkybox":false,"showFlares":false,"showImageEffects":false,"showParticleSystems":false},"in2DMode":false,"pivot":{"x":24.748477935791017,"y":3.32240629196167,"z":8.207422256469727},"rotation":{"x":-0.1433761864900589,"y":-0.04706926271319389,"z":0.007027193438261747,"w":-0.9887047410011292},"size":6.542078971862793,"orthographic":false}