{"cameraMode":{"drawMode":0,"name":"Shaded","section":"Shading Mode"},"sceneLighting":false,"audioPlay":false,"sceneViewState":{"showFog":true,"showMaterialUpdate":false,"showSkybox":false,"showFlares":true,"showImageEffects":true,"showParticleSystems":true},"in2DMode":false,"pivot":{"x":-0.003213554620742798,"y":0.597097635269165,"z":-0.004354238510131836},"rotation":{"x":0.09261900931596756,"y":0.8864641785621643,"z":-0.20232801139354707,"w":0.40579551458358767},"size":3.065556287765503,"orthographic":true}