{"cameraMode":{"drawMode":0,"name":"Shaded","section":"Shading Mode"},"sceneLighting":false,"audioPlay":false,"sceneViewState":{"showFog":false,"showMaterialUpdate":false,"showSkybox":false,"showFlares":false,"showImageEffects":false,"showParticleSystems":false},"in2DMode":false,"pivot":{"x":0.36100006103515627,"y":-0.078000009059906,"z":-5.960464477539063e-8},"rotation":{"x":-0.09549648314714432,"y":0.8710328340530396,"z":-0.17016971111297608,"w":-0.45176267623901369},"size":12.237637519836426,"orthographic":false}