{"cameraMode":{"drawMode":0,"name":"Shaded","section":"Shading Mode"},"sceneLighting":false,"audioPlay":false,"sceneViewState":{"showFog":false,"showMaterialUpdate":false,"showSkybox":false,"showFlares":false,"showImageEffects":false,"showParticleSystems":false},"in2DMode":false,"pivot":{"x":0.0,"y":0.016973530873656274,"z":0.06568809598684311},"rotation":{"x":0.017838388681411744,"y":0.7495874762535095,"z":0.02025276981294155,"w":-0.6614076495170593},"size":2.2053287029266359,"orthographic":false}