{"cameraMode":{"drawMode":0,"name":"Shaded","section":"Shading Mode"},"sceneLighting":false,"audioPlay":false,"sceneViewState":{"showFog":true,"showMaterialUpdate":false,"showSkybox":false,"showFlares":true,"showImageEffects":true,"showParticleSystems":true},"in2DMode":false,"pivot":{"x":0.06842434406280518,"y":-0.005122661124914885,"z":0.3734986484050751},"rotation":{"x":-0.23272860050201417,"y":-0.6320850253105164,"z":0.20677286386489869,"w":-0.7098613977432251},"size":2.6802427768707277,"orthographic":false}