{"cameraMode":{"drawMode":0,"name":"Shaded","section":"Shading Mode"},"sceneLighting":false,"audioPlay":false,"sceneViewState":{"showFog":false,"showMaterialUpdate":false,"showSkybox":false,"showFlares":false,"showImageEffects":false,"showParticleSystems":false},"in2DMode":false,"pivot":{"x":-1.582460641860962,"y":0.38593608140945437,"z":5.7305169105529789},"rotation":{"x":-0.014744821935892105,"y":0.981579601764679,"z":0.08471225947141648,"w":0.17071692645549775},"size":8.336745262145996,"orthographic":false}