{"cameraMode":{"drawMode":0,"name":"Shaded","section":"Shading Mode"},"sceneLighting":false,"audioPlay":false,"sceneViewState":{"showFog":false,"showMaterialUpdate":false,"showSkybox":false,"showFlares":false,"showImageEffects":false,"showParticleSystems":false},"in2DMode":false,"pivot":{"x":-0.28988122940063479,"y":1.4455547332763672,"z":0.07666844129562378},"rotation":{"x":-0.004967669490724802,"y":-0.9824594259262085,"z":-0.03386383503675461,"w":0.18411828577518464},"size":6.225104808807373,"orthographic":false}