{"cameraMode":{"drawMode":0,"name":"Shaded","section":"Shading Mode"},"sceneLighting":false,"audioPlay":false,"sceneViewState":{"showFog":false,"showMaterialUpdate":false,"showSkybox":false,"showFlares":false,"showImageEffects":false,"showParticleSystems":false},"in2DMode":false,"pivot":{"x":-6.067436218261719,"y":-1.1786212921142579,"z":0.5612812042236328},"rotation":{"x":-0.020718267187476159,"y":0.9300556182861328,"z":-0.36319923400878909,"w":-0.05275432765483856},"size":22.091306686401368,"orthographic":false}