{"cameraMode":{"drawMode":0,"name":"Shaded","section":"Shading Mode"},"sceneLighting":false,"audioPlay":false,"sceneViewState":{"showFog":true,"showMaterialUpdate":false,"showSkybox":false,"showFlares":true,"showImageEffects":true,"showParticleSystems":true},"in2DMode":false,"pivot":{"x":-3.5762786865234377e-7,"y":0.878556489944458,"z":-0.06487268209457398},"rotation":{"x":0.012774568982422352,"y":0.9503554701805115,"z":-0.039364904165267947,"w":0.3084070086479187},"size":4.784470558166504,"orthographic":true}