{"cameraMode":{"drawMode":0,"name":"Shaded","section":"Shading Mode"},"sceneLighting":false,"audioPlay":false,"sceneViewState":{"showFog":true,"showMaterialUpdate":false,"showSkybox":false,"showFlares":true,"showImageEffects":true,"showParticleSystems":true},"in2DMode":false,"pivot":{"x":0.0,"y":0.8892310261726379,"z":-0.06487263739109039},"rotation":{"x":0.00327169056981802,"y":0.9819928407669067,"z":-0.01708628609776497,"w":0.18813873827457429},"size":4.845017910003662,"orthographic":true}