{"cameraMode":{"drawMode":0,"name":"Shaded","section":"Shading Mode"},"sceneLighting":false,"audioPlay":false,"sceneViewState":{"showFog":false,"showMaterialUpdate":false,"showSkybox":false,"showFlares":false,"showImageEffects":false,"showParticleSystems":false},"in2DMode":false,"pivot":{"x":0.0,"y":-0.0877590924501419,"z":-1.5273690223693848e-7},"rotation":{"x":0.11632822453975678,"y":0.8701178431510925,"z":-0.2464519888162613,"w":0.41071757674217226},"size":0.3545776307582855,"orthographic":false}