{"cameraMode":{"drawMode":0,"name":"Shaded","section":"Shading Mode"},"sceneLighting":false,"audioPlay":false,"sceneViewState":{"showFog":false,"showMaterialUpdate":false,"showSkybox":false,"showFlares":false,"showImageEffects":false,"showParticleSystems":false},"in2DMode":false,"pivot":{"x":-0.4167841672897339,"y":0.7494319677352905,"z":-0.07179795205593109},"rotation":{"x":-0.00531701510772109,"y":0.9989233016967773,"z":0.02189154550433159,"w":-0.0504160113632679},"size":3.8916561603546144,"orthographic":false}