{"cameraMode":{"drawMode":0,"name":"Shaded","section":"Shading Mode"},"sceneLighting":false,"audioPlay":false,"sceneViewState":{"showFog":false,"showMaterialUpdate":false,"showSkybox":false,"showFlares":false,"showImageEffects":false,"showParticleSystems":false},"in2DMode":false,"pivot":{"x":0.0,"y":0.8718430995941162,"z":-0.040618330240249637},"rotation":{"x":-0.0306471586227417,"y":-0.9683824777603149,"z":0.19581201672554017,"w":-0.15174099802970887},"size":2.6954495906829836,"orthographic":false}