{"cameraMode":{"drawMode":0,"name":"Shaded","section":"Shading Mode"},"sceneLighting":false,"audioPlay":false,"sceneViewState":{"showFog":false,"showMaterialUpdate":false,"showSkybox":false,"showFlares":false,"showImageEffects":false,"showParticleSystems":false},"in2DMode":false,"pivot":{"x":0.0,"y":12.576990127563477,"z":-0.12497711181640625},"rotation":{"x":-0.033135589212179187,"y":-0.9444624185562134,"z":0.10104399919509888,"w":-0.31151294708251955},"size":57.43647384643555,"orthographic":false}