{"cameraMode":{"drawMode":0,"name":"Shaded","section":"Shading Mode"},"sceneLighting":false,"audioPlay":false,"sceneViewState":{"showFog":false,"showMaterialUpdate":false,"showSkybox":false,"showFlares":false,"showImageEffects":false,"showParticleSystems":false},"in2DMode":false,"pivot":{"x":-5.000003337860107,"y":1.6441220045089722,"z":-10.057729721069336},"rotation":{"x":0.013940766453742981,"y":-0.9917761087417603,"z":0.10438612848520279,"w":0.07885847985744477},"size":11.80517864227295,"orthographic":false}