{"cameraMode":{"drawMode":0,"name":"Shaded","section":"Shading Mode"},"sceneLighting":false,"audioPlay":false,"sceneViewState":{"showFog":false,"showMaterialUpdate":false,"showSkybox":false,"showFlares":false,"showImageEffects":false,"showParticleSystems":false},"in2DMode":false,"pivot":{"x":18.787918090820314,"y":39.99267578125,"z":-8.719829559326172},"rotation":{"x":-0.028835784643888475,"y":0.9543112516403198,"z":-0.09797602891921997,"w":-0.28083205223083498},"size":5.317621231079102,"orthographic":false}