{"cameraMode":{"drawMode":0,"name":"Shaded","section":"Shading Mode"},"sceneLighting":false,"audioPlay":false,"sceneViewState":{"showFog":false,"showMaterialUpdate":false,"showSkybox":false,"showFlares":false,"showImageEffects":false,"showParticleSystems":false},"in2DMode":false,"pivot":{"x":0.021408557891845704,"y":1.074971318244934,"z":0.0005441904067993164},"rotation":{"x":-0.056733615696430209,"y":0.9331568479537964,"z":-0.16981810331344605,"w":-0.3118133842945099},"size":6.525083541870117,"orthographic":false}