{"cameraMode":{"drawMode":0,"name":"Shaded","section":"Shading Mode"},"sceneLighting":false,"audioPlay":false,"sceneViewState":{"showFog":false,"showMaterialUpdate":false,"showSkybox":false,"showFlares":false,"showImageEffects":false,"showParticleSystems":false},"in2DMode":false,"pivot":{"x":-2.384185791015625e-7,"y":0.8536036014556885,"z":-0.05048992484807968},"rotation":{"x":0.11632822453975678,"y":0.8701178431510925,"z":-0.2464519888162613,"w":0.41071757674217226},"size":1.7140684127807618,"orthographic":false}