{"cameraMode":{"drawMode":0,"name":"Shaded","section":"Shading Mode"},"sceneLighting":false,"audioPlay":false,"sceneViewState":{"showFog":false,"showMaterialUpdate":false,"showSkybox":false,"showFlares":false,"showImageEffects":false,"showParticleSystems":false},"in2DMode":false,"pivot":{"x":0.0,"y":0.3946821689605713,"z":-0.0009443163871765137},"rotation":{"x":-0.007569123059511185,"y":0.9807867407798767,"z":-0.195481538772583,"w":-0.025865724310278894},"size":3.1853995323181154,"orthographic":false}