{"cameraMode":{"drawMode":0,"name":"Shaded","section":"Shading Mode"},"sceneLighting":false,"audioPlay":false,"sceneViewState":{"showFog":false,"showMaterialUpdate":false,"showSkybox":false,"showFlares":false,"showImageEffects":false,"showParticleSystems":false},"in2DMode":false,"pivot":{"x":0.0,"y":-0.024582117795944215,"z":0.09317754954099655},"rotation":{"x":0.1491873413324356,"y":0.7506254315376282,"z":-0.18131758272647859,"w":0.6176517605781555},"size":1.088865041732788,"orthographic":false}