{"cameraMode":{"drawMode":0,"name":"Shaded","section":"Shading Mode"},"sceneLighting":false,"audioPlay":false,"sceneViewState":{"showFog":true,"showMaterialUpdate":false,"showSkybox":false,"showFlares":true,"showImageEffects":true,"showParticleSystems":true},"in2DMode":false,"pivot":{"x":0.00002950429916381836,"y":0.0632791817188263,"z":0.0000010132789611816407},"rotation":{"x":0.040462810546159747,"y":-0.9523665904998779,"z":0.26517221331596377,"w":0.14622695744037629},"size":1.7505062818527222,"orthographic":false}