{"cameraMode":{"drawMode":0,"name":"Shaded","section":"Shading Mode"},"sceneLighting":false,"audioPlay":false,"sceneViewState":{"showFog":false,"showMaterialUpdate":false,"showSkybox":false,"showFlares":false,"showImageEffects":false,"showParticleSystems":false},"in2DMode":false,"pivot":{"x":0.1353238821029663,"y":1.2430639266967774,"z":0.09728080034255982},"rotation":{"x":-0.07956734299659729,"y":-0.7420895099639893,"z":0.08985092490911484,"w":-0.6595640778541565},"size":6.275352478027344,"orthographic":false}