{"cameraMode":{"drawMode":0,"name":"Shaded","section":"Shading Mode"},"sceneLighting":false,"audioPlay":false,"sceneViewState":{"showFog":false,"showMaterialUpdate":false,"showSkybox":false,"showFlares":false,"showImageEffects":false,"showParticleSystems":false},"in2DMode":false,"pivot":{"x":937.440673828125,"y":583.4428100585938,"z":-1376.5775146484375},"rotation":{"x":-0.06176869571208954,"y":0.006584718823432922,"z":-0.00040798005647957325,"w":-0.9980700016021729},"size":163.6219024658203,"orthographic":false}