{"cameraMode":{"drawMode":0,"name":"Shaded","section":"Shading Mode"},"sceneLighting":false,"audioPlay":false,"sceneViewState":{"showFog":true,"showMaterialUpdate":false,"showSkybox":false,"showFlares":true,"showImageEffects":true,"showParticleSystems":true},"in2DMode":false,"pivot":{"x":-0.1458573192358017,"y":1.3587005138397217,"z":-0.5517507195472717},"rotation":{"x":-0.000011390142390155233,"y":0.9994437098503113,"z":0.009906312450766564,"w":-0.034526314586400989},"size":1.9190218448638917,"orthographic":false}