{"cameraMode":{"drawMode":0,"name":"Shaded","section":"Shading Mode"},"sceneLighting":false,"audioPlay":false,"sceneViewState":{"showFog":false,"showMaterialUpdate":false,"showSkybox":false,"showFlares":false,"showImageEffects":false,"showParticleSystems":false},"in2DMode":false,"pivot":{"x":-0.0000012218952178955079,"y":-0.06672191619873047,"z":0.0},"rotation":{"x":0.015381460078060627,"y":-0.9832837581634522,"z":0.1519358605146408,"w":0.09943908452987671},"size":2.2136993408203127,"orthographic":false}