{"cameraMode":{"drawMode":0,"name":"Shaded","section":"Shading Mode"},"sceneLighting":false,"audioPlay":false,"sceneViewState":{"showFog":false,"showMaterialUpdate":false,"showSkybox":false,"showFlares":false,"showImageEffects":false,"showParticleSystems":false},"in2DMode":false,"pivot":{"x":9.5367431640625e-7,"y":0.9765814542770386,"z":5.066394805908203e-7},"rotation":{"x":0.11632822453975678,"y":0.8701178431510925,"z":-0.2464519888162613,"w":0.41071757674217226},"size":7.943581581115723,"orthographic":false}