{"cameraMode":{"drawMode":0,"name":"Shaded","section":"Shading Mode"},"sceneLighting":false,"audioPlay":false,"sceneViewState":{"showFog":false,"showMaterialUpdate":false,"showSkybox":false,"showFlares":false,"showImageEffects":false,"showParticleSystems":false},"in2DMode":false,"pivot":{"x":0.0,"y":1.1020889282226563,"z":0.1609623283147812},"rotation":{"x":0.024666793644428254,"y":-0.9645905494689941,"z":0.07598186284303665,"w":0.2529444098472595},"size":6.5320844650268559,"orthographic":false}