{"cameraMode":{"drawMode":0,"name":"Shaded","section":"Shading Mode"},"sceneLighting":false,"audioPlay":false,"sceneViewState":{"showFog":true,"showMaterialUpdate":false,"showSkybox":false,"showFlares":true,"showImageEffects":true,"showParticleSystems":true},"in2DMode":false,"pivot":{"x":1.227036952972412,"y":-0.7658897638320923,"z":-3.548306941986084},"rotation":{"x":0.20778658986091615,"y":-0.7301734685897827,"z":0.2498818337917328,"w":0.6013718843460083},"size":9.484208106994629,"orthographic":false}