{"cameraMode":{"drawMode":0,"name":"Shaded","section":"Shading Mode"},"sceneLighting":false,"audioPlay":false,"sceneViewState":{"showFog":false,"showMaterialUpdate":false,"showSkybox":false,"showFlares":false,"showImageEffects":false,"showParticleSystems":false},"in2DMode":false,"pivot":{"x":0.014116287231445313,"y":1.662479043006897,"z":-0.8717252016067505},"rotation":{"x":0.02993038482964039,"y":0.9677689075469971,"z":-0.20751100778579713,"w":0.13975249230861665},"size":8.479857444763184,"orthographic":false}