{"cameraMode":{"drawMode":0,"name":"Shaded","section":"Shading Mode"},"sceneLighting":false,"audioPlay":false,"sceneViewState":{"showFog":false,"showMaterialUpdate":false,"showSkybox":false,"showFlares":false,"showImageEffects":false,"showParticleSystems":false},"in2DMode":false,"pivot":{"x":24.873430252075197,"y":4.856022834777832,"z":-1.400360107421875},"rotation":{"x":-0.01833200640976429,"y":0.9294772148132324,"z":-0.3655644655227661,"w":-0.046599309891462329},"size":63.272315979003909,"orthographic":false}