{"cameraMode":{"drawMode":0,"name":"Shaded","section":"Shading Mode"},"sceneLighting":false,"audioPlay":false,"sceneViewState":{"showFog":false,"showMaterialUpdate":false,"showSkybox":false,"showFlares":false,"showImageEffects":false,"showParticleSystems":false},"in2DMode":false,"pivot":{"x":0.0,"y":3.1763735522036265e-22,"z":-0.000003814697265625},"rotation":{"x":-0.19103065133094788,"y":-0.6365084052085877,"z":0.16694338619709016,"w":-0.7283589839935303},"size":63.55070495605469,"orthographic":false}