{"cameraMode":{"drawMode":0,"name":"Shaded","section":"Shading Mode"},"sceneLighting":false,"audioPlay":false,"sceneViewState":{"showFog":true,"showMaterialUpdate":false,"showSkybox":false,"showFlares":true,"showImageEffects":true,"showParticleSystems":true},"in2DMode":false,"pivot":{"x":0.5357347130775452,"y":1.004000186920166,"z":0.01215418428182602},"rotation":{"x":0.119606614112854,"y":-0.33501681685447695,"z":0.04328097775578499,"w":0.933768630027771},"size":3.3723037242889406,"orthographic":false}