{"cameraMode":{"drawMode":0,"name":"Shaded","section":"Shading Mode"},"sceneLighting":false,"audioPlay":false,"sceneViewState":{"showFog":true,"showMaterialUpdate":false,"showSkybox":false,"showFlares":true,"showImageEffects":true,"showParticleSystems":true},"in2DMode":false,"pivot":{"x":0.0,"y":0.8714233040809631,"z":-0.06487263739109039},"rotation":{"x":0.0050305831246078018,"y":0.9899854063987732,"z":-0.03654463589191437,"w":0.13627666234970094},"size":4.800264835357666,"orthographic":true}